Movie_id,Title,Director,Actor1,Actor2,Actor3,Genre,Overview,Ratings,Votes,Year,Poster
155,The Dark Knight,Christopher Nolan,Christian Bale,Heath Ledger,Michael Caine,Drama Action Crime Thriller,"Batman raises the stakes in his war on crime. With the help of Lt. Jim Gordon and District Attorney Harvey Dent, Batman sets out to dismantle the remaining criminal organizations that plague the streets. The partnership proves to be effective, but they soon find themselves prey to a reign of chaos unleashed by a rising criminal mastermind known to the terrified citizens of Gotham as the Joker.",9.0,2808696,2008,https://image.tmdb.org/t/p/w500/qJ2tW6WMUDux911r6m7haRef0WH.jpg
27205,Inception,Christopher Nolan,Leonardo DiCaprio,Ken Watanabe,Joseph Gordon-Levitt,Action Sci-Fi Adventure,"Cobb, a skilled thief who commits corporate espionage by infiltrating the subconscious of his targets is offered a chance to regain his old life as payment for a task considered to be impossible: ""inception"", the implantation of another person's idea into a target's subconscious.",8.8,2493043,2010,https://image.tmdb.org/t/p/w500/oYuLEt3zVCKq57qu2F8dT7NIa6f.jpg
67985,In a Dream,Jeremiah Zagar,Isaiah Zagar,Julia Zagar,Ezekiel Zagar,Documentary,"Over the past four decades, artist Isaiah Zagar has covered more than 50,000 square feet of Philadelphia with stunning mosaic murals. In A Dream is a documentary feature film that chronicles his work and his tumultuous relationship with his wife, Julia. It follows the Zagars as their marriage implodes and a harrowing new chapter in their life unfolds. An exploration of the fallout that ensues when the line between art and life is blurred beyond distinction.",7.6,2265372,2009,https://image.tmdb.org/t/p/w500/6vDaJx9m5aDhgUIoGo9OyHJeIOg.jpg
157336,Interstellar,Christopher Nolan,Matthew McConaughey,Anne Hathaway,Jessica Chastain,Adventure Drama Sci-Fi,The adventures of a group of explorers who make use of a newly discovered wormhole to surpass the limitations on human space travel and conquer the vast distances involved in an interstellar voyage.,8.7,2020828,2014,https://image.tmdb.org/t/p/w500/gEU2QniE6E77NI6lCU6MxlNBvIx.jpg
120,The Lord of the Rings: The Fellowship of the Ring,Peter Jackson,Elijah Wood, Ian McKellen, Liv Tyler,Adventure Fantasy Action,"Young hobbit Frodo Baggins, after inheriting a mysterious ring from his uncle Bilbo, must leave his home in order to keep it from falling into the hands of its evil creator. Along the way, a fellowship is formed to protect the ringbearer and make sure that the ring arrives at its final destination: Mt. Doom, the only place where it can be destroyed.",8.8,1962690,2001,https://image.tmdb.org/t/p/w500/6oom5QYQ2yQTMJIbnvbkBL9cHo6.jpg
122,The Lord of the Rings: The Return of the King,Peter Jackson,Elijah Wood, Ian McKellen, Liv Tyler,Adventure Fantasy Action,"Aragorn is revealed as the heir to the ancient kings as he, Gandalf and the other members of the broken fellowship struggle to save Gondor from Sauron's forces. Meanwhile, Frodo and Sam take the ring closer to the heart of Mordor, the dark lord's realm.",9.0,1935582,2003,https://image.tmdb.org/t/p/w500/rCzpDGLbOoPwLjy3OAm5NUPOTrC.jpg
49026,The Dark Knight Rises,Christopher Nolan,Christian Bale,Michael Caine,Gary Oldman,Action Crime Drama Thriller,"Following the death of District Attorney Harvey Dent, Batman assumes responsibility for Dent's crimes to protect the late attorney's reputation and is subsequently hunted by the Gotham City Police Department. Eight years later, Batman encounters the mysterious Selina Kyle and the villainous Bane, a new terrorist leader who overwhelms Gotham's finest. The Dark Knight resurfaces to protect a city that has branded him an enemy.",8.4,1789609,2012,https://image.tmdb.org/t/p/w500/hr0L2aueqlP2BYUblTTjmtn0hw4.jpg
121,The Lord of the Rings: The Two Towers,Peter Jackson,Elijah Wood, Ian McKellen, Liv Tyler,Adventure Fantasy Action,"Frodo and Sam are trekking to Mordor to destroy the One Ring of Power while Gimli, Legolas and Aragorn search for the orc-captured Merry and Pippin. All along, nefarious wizard Saruman awaits the Fellowship members at the Orthanc Tower in Isengard.",8.8,1745868,2002,https://image.tmdb.org/t/p/w500/5VTN0pR8gcqV3EPUHHfMGnJYN9L.jpg
68718,Django Unchained,Quentin Tarantino,Christoph Waltz,Jamie Foxx,Leonardo DiCaprio,Drama Western,"With the help of a German bounty hunter, a freed slave sets out to rescue his wife from a brutal Mississippi plantation owner.",8.5,1654280,2012,https://image.tmdb.org/t/p/w500/7oWY8VDWW7thTzWh3OKYRkWUlD5.jpg
98,Gladiator,Ridley Scott,Russell Crowe, Joaquin Phoenix, Connie Nielsen,Action Drama Adventure,"In the year 180, the death of emperor Marcus Aurelius throws the Roman Empire into chaos.  Maximus is one of the Roman army's most capable and trusted generals and a key advisor to the emperor.  As Marcus' devious son Commodus ascends to the throne, Maximus is set to be executed.  He escapes, but is captured by slave traders.  Renamed Spaniard and forced to become a gladiator, Maximus must battle to the death with other men for the amusement of paying audiences.",8.5,1580809,2000,https://image.tmdb.org/t/p/w500/ty8TGRuvJLPUmAR1H1nRIsgwvim.jpg
272,Batman Begins,Christopher Nolan,Christian Bale,Michael Caine,Liam Neeson,Action Crime Drama,"Driven by tragedy, billionaire Bruce Wayne dedicates his life to uncovering and defeating the corruption that plagues his home, Gotham City.  Unable to work within the system, he instead creates a new identity, a symbol of fear for the criminal underworld - The Batman.",8.2,1545723,2005,https://image.tmdb.org/t/p/w500/4MpN4kIEqUjW8OPtOQJXlTdHiJV.jpg
16869,Inglourious Basterds,Quentin Tarantino,Brad Pitt,Mélanie Laurent,Christoph Waltz,Drama Thriller War,"In Nazi-occupied France during World War II, a group of Jewish-American soldiers known as ""The Basterds"" are chosen specifically to spread fear throughout the Third Reich by scalping and brutally killing Nazis. The Basterds, lead by Lt. Aldo Raine soon cross paths with a French-Jewish teenage girl who runs a movie theater in Paris which is targeted by the soldiers.",8.4,1543202,2009,https://image.tmdb.org/t/p/w500/7sfbEnaARXDDhKm0CZ7D7uc2sbo.jpg
106646,The Wolf of Wall Street,Martin Scorsese,Leonardo DiCaprio,Jonah Hill,Matthew McConaughey,Crime Drama Comedy,"A New York stockbroker refuses to cooperate in a large securities fraud case involving corruption on Wall Street, corporate banking world and mob infiltration. Based on Jordan Belfort's autobiography.",8.2,1532768,2013,https://image.tmdb.org/t/p/w500/34m2tygAYBGqA9MXKhRDtzYd4MR.jpg
24428,The Avengers,Joss Whedon,Robert Downey Jr.,Chris Evans,Chris Hemsworth,Sci-Fi Action Adventure,"When an unexpected enemy emerges and threatens global safety and security, Nick Fury, director of the international peacekeeping agency known as S.H.I.E.L.D., finds himself in need of a team to pull the world back from the brink of disaster. Spanning the globe, a daring recruitment effort begins!",8.0,1441633,2012,https://image.tmdb.org/t/p/w500/RYMX2wcKCBAr24UyPD7xwmjaTn.jpg
475557,Joker,Todd Phillips,Joaquin Phoenix,Robert De Niro,Zazie Beetz,Crime Thriller Drama,"During the 1980s, a failed stand-up comedian is driven insane and turns to a life of crime and chaos in Gotham City while becoming an infamous psychopathic crime figure.",8.4,1424443,2019,https://image.tmdb.org/t/p/w500/udDclJoHjfjb8Ekgsd4FDteOkCU.jpg
11324,Shutter Island,Martin Scorsese,Leonardo DiCaprio,Mark Ruffalo,Ben Kingsley,Drama Thriller Mystery,"World War II soldier-turned-U.S. Marshal Teddy Daniels investigates the disappearance of a patient from a hospital for the criminally insane, but his efforts are compromised by troubling visions and a mysterious doctor.",8.2,1412098,2010,https://image.tmdb.org/t/p/w500/4GDy0PHYX3VRXUtwK5ysFbg3kEx.jpg
1124,The Prestige,Christopher Nolan,Hugh Jackman,Christian Bale,Michael Caine,Drama Mystery Sci-Fi,"A mysterious story of two magicians whose intense rivalry leads them on a life-long battle for supremacy -- full of obsession, deceit and jealousy with dangerous and deadly consequences.",8.5,1409349,2006,https://image.tmdb.org/t/p/w500/tRNlZbgNCNOpLpbPEz5L8G8A0JN.jpg
1422,The Departed,Martin Scorsese,Leonardo DiCaprio,Matt Damon,Jack Nicholson,Drama Thriller Crime,"To take down South Boston's Irish Mafia, the police send in one of their own to infiltrate the underworld, not realizing the syndicate has done likewise. While an undercover cop curries favor with the mob kingpin, a career criminal rises through the police ranks. But both sides soon discover there's a mole among them.",8.5,1393861,2006,https://image.tmdb.org/t/p/w500/nT97ifVT2J1yMQmeq20Qblg61T.jpg
19995,Avatar,James Cameron,Sam Worthington,Zoe Saldana,Sigourney Weaver,Action Adventure Fantasy Sci-Fi,"In the 22nd century, a paraplegic Marine is dispatched to the moon Pandora on a unique mission, but becomes torn between following orders and protecting an alien civilization.",7.9,1367871,2009,https://image.tmdb.org/t/p/w500/kyeqWdyUXW608qlYkRqosgbbJyK.jpg
77,Memento,Christopher Nolan,Guy Pearce, Carrie-Anne Moss, Joe Pantoliano,Mystery Thriller,"Leonard Shelby is tracking down the man who raped and murdered his wife. The difficulty of locating his wife's killer, however, is compounded by the fact that he suffers from a rare, untreatable form of short-term memory loss. Although he can recall details of life before his accident, Leonard cannot remember what happened fifteen minutes ago, where he's going, or why.",8.4,1298474,2000,https://image.tmdb.org/t/p/w500/yuNs09hvpHVU1cBTCAk9zxsL2oW.jpg
447365,Guardians of the Galaxy,James Gunn,Chris Pratt,Zoe Saldana,Dave Bautista,Sci-Fi Adventure Action,"Peter Quill, still reeling from the loss of Gamora, must rally his team around him to defend the universe along with protecting one of their own. A mission that, if not completed successfully, could quite possibly lead to the end of the Guardians as we know them.",8.0,1252541,2014,https://image.tmdb.org/t/p/w500/r2J02Z2OpNTctfOSN1Ydgii51I3.jpg
299534,Avengers: Endgame,Anthony and Joe Russo,Robert Downey Jr.,Chris Evans,Mark Ruffalo,Adventure Sci-Fi Action,"After the devastating events of Avengers: Infinity War, the universe is in ruins due to the efforts of the Mad Titan, Thanos. With the help of remaining allies, the Avengers must assemble once more in order to undo Thanos' actions and restore order to the universe once and for all, no matter what consequences may be in store.",8.4,1230666,2019,https://image.tmdb.org/t/p/w500/or06FN3Dka5tukK1e9sl16pB3iy.jpg
22,Pirates of the Caribbean: The Curse of the Black Pearl,Gore Verbinski,Orlando Bloom, Johnny Depp, Keira Knightley,Adventure Fantasy Action,"Jack Sparrow, a freewheeling 18th-century pirate, quarrels with a rival pirate bent on pillaging Port Royal. When the governor's daughter is kidnapped, Sparrow decides to help the girl's love save her.",8.1,1182771,2003,https://image.tmdb.org/t/p/w500/z8onk7LV9Mmw6zKz4hT6pzzvmvl.jpg
19311,$9.99,Tatia Rosenthal,Geoffrey Rush,Anthony LaPaglia,Samuel Johnson,Animation Drama,"Have you ever wondered ""What is the meaning of life? Why do we exist?"" The answer to this vexing question is now within your reach! You'll find it in a small yet amazing booklet, which will explain, in easy to follow, simple terms your reason for being! The booklet, printed on the finest paper, contains illuminating, exquisite colour pictures, and could be yours for a mere $9.99.",8.4,1176709,2009,https://image.tmdb.org/t/p/w500/nX4pmuluKq4MqgrmgfIpOr8Orgo.jpg
298621,WALL-E,Andrew Stanton,Ben Burtt,Elissa Knight,Jeff Garlin,Drama Romance,"Jeanne looks back on her love for Jean. The melancholic young man wouldn't accept the world as it was, always wishing to depart. She doesn't know that he's dead.",8.4,1171246,2008,https://image.tmdb.org/t/p/w500/fl5DmLQOan2t5PSuaKZ9ypz5tXd.jpg
299536,Avengers: Infinity War,Anthony Russo,Robert Downey Jr.,Chris Hemsworth,Mark Ruffalo,Adventure Action Sci-Fi,"As the Avengers and their allies have continued to protect the world from threats too large for any one hero to handle, a new danger has emerged from the cosmic shadows: Thanos. A despot of intergalactic infamy, his goal is to collect all six Infinity Stones, artifacts of unimaginable power, and use them to inflict his twisted will on all of reality. Everything the Avengers have fought for has led up to this moment - the fate of Earth and existence itself has never been more uncertain.",8.4,1170647,2018,https://image.tmdb.org/t/p/w500/7WsyChQLEftFiDOVTGkv3hFpyyt.jpg
24,Kill Bill: Volume 1,Quentin Tarantino,Uma Thurman, Lucy Liu, Vivica A. Fox,Action Crime,"An assassin is shot by her ruthless employer, Bill, and other members of their assassination circle ÃÂÃÂÃÂÃÂ¢ÃÂÃÂÃÂÃÂÃÂÃÂÃÂÃÂ but she lives to plot her vengeance.",8.2,1169635,2003,https://image.tmdb.org/t/p/w500/v7TaX8kXMXs5yFFGR41guUDNcnB.jpg
1726,Iron Man,Jon Favreau,Robert Downey Jr.,Terrence Howard,Jeff Bridges,Action Sci-Fi Adventure,"After being held captive in an Afghan cave, billionaire engineer Tony Stark creates a unique weaponized suit of armor to fight evil.",7.9,1105712,2008,https://image.tmdb.org/t/p/w500/78lPtwv72eTNqFW9COBYI0dWDJa.jpg
14160,Up,Pete Docter,Ed Asner,Christopher Plummer,Jordan Nagai,Animation Comedy Family Adventure,"Carl Fredricksen spent his entire life dreaming of exploring the globe and experiencing life to its fullest. But at age 78, life seems to have passed him by, until a twist of fate (and a persistent 8-year old Wilderness Explorer named Russell) gives him a new lease on life.",8.3,1100008,2009,https://image.tmdb.org/t/p/w500/vpbaStTMt8qqXaEgnOR2EE4DNJk.jpg
293660,Deadpool,Tim Miller,Ryan Reynolds,Morena Baccarin,Ed Skrein,Action Adventure Comedy,"The origin story of former Special Forces operative turned mercenary Wade Wilson, who, after being subjected to a rogue experiment that leaves him with accelerated healing powers, adopts the alter ego Deadpool. Armed with his new abilities and a dark, twisted sense of humor, Deadpool hunts down the man who nearly destroyed his life.",8.0,1098675,2016,https://image.tmdb.org/t/p/w500/fSRb7vyIP8rQpL0I47P3qUsEKX3.jpg
12,Finding Nemo,"Andrew Stanton, Lee Unkrich",Albert Brooks, Ellen DeGeneres, Alexander Gould,Animation Family,"Nemo, an adventurous young clownfish, is unexpectedly taken from his Great Barrier Reef home to a dentist's office aquarium. It's up to his worrisome father Marlin and a friendly but forgetful fish Dory to bring Nemo home -- meeting vegetarian sharks, surfer dude turtles, hypnotic jellyfish, hungry seagulls, and more along the way.",8.2,1092602,2003,https://image.tmdb.org/t/p/w500/eHuGQ10FUzK1mdOY69wF5pGgEf5.jpg
76341,Mad Max: Fury Road,George Miller,Tom Hardy,Charlize Theron,Nicholas Hoult,Action Adventure Sci-Fi,"An apocalyptic story set in the furthest reaches of our planet, in a stark desert landscape where humanity is broken, and most everyone is crazed fighting for the necessities of life. Within this world exist two rebels on the run who just might be able to restore order.",8.1,1059227,2015,https://image.tmdb.org/t/p/w500/8tZYtuWezp8JbcsvHYO0O46tFbo.jpg
640,Catch Me If You Can,Steven Spielberg,Leonardo DiCaprio, Tom Hanks, Christopher Walken,Drama Crime,"A true story about Frank Abagnale Jr. who, before his 19th birthday, successfully conned millions of dollars worth of checks as a Pan Am pilot, doctor, and legal prosecutor. An FBI agent makes it his mission to put him behind bars. But Frank not only eludes capture, he revels in the pursuit.",8.1,1059170,2002,https://image.tmdb.org/t/p/w500/ctjEj2xM32OvBXCq8zAdK3ZrsAj.jpg
38,Eternal Sunshine of the Spotless Mind,Michel Gondry,Jim Carrey,Kate Winslet,Kirsten Dunst,Sci-Fi Drama Romance,"Joel Barish, heartbroken that his girlfriend underwent a procedure to erase him from her memory, decides to do the same. However, as he watches his memories of her fade away, he realises that he still loves her, and may be too late to correct his mistake.",8.3,1054678,2004,https://image.tmdb.org/t/p/w500/5MwkWH9tYHv3mV9OdYTMR5qreIz.jpg
210577,Gone Girl,David Fincher,Ben Affleck,Rosamund Pike,Neil Patrick Harris,Mystery Thriller Drama,"With his wife's disappearance having become the focus of an intense media circus, a man sees the spotlight turned on him when it's suspected that he may not be innocent.",8.1,1042684,2014,https://image.tmdb.org/t/p/w500/lv5xShBIDPe7m4ufdlV0IAc7Avk.jpg
6977,No Country for Old Men,Joel Coen,Tommy Lee Jones,Javier Bardem,Josh Brolin,Crime Drama Thriller,"Llewelyn Moss stumbles upon dead bodies, $2 million and a hoard of heroin in a Texas desert, but methodical killer Anton Chigurh comes looking for it, with local sheriff Ed Tom Bell hot on his trail. The roles of prey and predator blur as the violent pursuit of money and justice collide.",8.2,1034498,2007,https://image.tmdb.org/t/p/w500/bj1v6YKF8yHqA489VFfnQvOJpnc.jpg
70160,The Hunger Games,Gary Ross,Jennifer Lawrence,Josh Hutcherson,Liam Hemsworth,Sci-Fi Adventure Fantasy,"Every year in the ruins of what was once North America, the nation of Panem forces each of its twelve districts to send a teenage boy and girl to compete in the Hunger Games.  Part twisted entertainment, part government intimidation tactic, the Hunger Games are a nationally televised event in which ÃÂÃÂÃÂÃÂ¢ÃÂÃÂÃÂÃÂÃÂÃÂÃÂÃÂTributesÃÂÃÂÃÂÃÂ¢ÃÂÃÂÃÂÃÂÃÂÃÂÃÂÃÂ must fight with one another until one survivor remains.  Pitted against highly-trained Tributes who have prepared for these Games their entire lives, Katniss is forced to rely upon her sharp instincts as well as the mentorship of drunken former victor Haymitch Abernathy.  If sheÃÂÃÂÃÂÃÂ¢ÃÂÃÂÃÂÃÂÃÂÃÂÃÂÃÂs ever to return home to District 12, Katniss must make impossible choices in the arena that weigh survival against humanity and life against love. The world will be watching.",7.2,977817,2012,https://image.tmdb.org/t/p/w500/yXCbOiVDCxO71zI7cuwBRXdftq8.jpg
453,A Beautiful Mind,Ron Howard,Russell Crowe, Jennifer Connelly, Ed Harris,Drama Romance,"John Nash is a brilliant but asocial mathematician fighting schizophrenia. After he accepts secret work in cryptography, his life takes a turn for the nightmarish.",8.2,969328,2001,https://image.tmdb.org/t/p/w500/zwzWCmH72OSC9NA0ipoqw5Zjya8.jpg
140607,Star Wars: Episode VII - The Force Awakens,J. J. Abrams,Harrison Ford,Mark Hamill,Carrie Fisher,Adventure Action Sci-Fi,"Thirty years after defeating the Galactic Empire, Han Solo and his allies face a new threat from the evil Kylo Ren and his army of Stormtroopers.",7.8,962568,2015,https://image.tmdb.org/t/p/w500/wqnLdwVXoBjKibFRR5U3y0aDUhs.jpg
585,"Monsters, Inc.",Peter Docter,John Goodman, Billy Crystal, Mary Gibbs,Animation Comedy Family,"Lovable Sulley and his wisecracking sidekick Mike Wazowski are the top scare team at Monsters, Inc., the scream-processing factory in Monstropolis. When a little girl named Boo wanders into their world, it's the monsters who are scared silly, and it's up to Sulley and Mike to keep her out of sight and get her back home.",8.1,957373,2001,https://image.tmdb.org/t/p/w500/wFSpyMsp7H0ttERbxY7Trlv8xry.jpg
244786,Whiplash,Damien Chazelle,Miles Teller,J. K. Simmons,Paul Reiser,Drama Music,"Under the direction of a ruthless instructor, a talented young drummer begins to pursue perfection at any cost, even his humanity.",8.5,942571,2014,https://image.tmdb.org/t/p/w500/7fn624j5lj3xTme2SgiLCeuedmO.jpg
12445,Harry Potter and the Deathly Hallows - Part 2,David Yates,Daniel Radcliffe,Rupert Grint,Emma Watson,Fantasy Adventure,"Harry, Ron and Hermione continue their quest to vanquish the evil Voldemort once and for all. Just as things begin to look hopeless for the young wizards, Harry discovers a trio of magical objects that endow him with powers to rival Voldemort's formidable skills.",8.1,926815,2011,https://image.tmdb.org/t/p/w500/c54HpQmuwXjHq2C9wmoACjxoom3.jpg
99861,Avengers: Age of Ultron,Joss Whedon,Robert Downey Jr.,Chris Hemsworth,Mark Ruffalo,Action Adventure Sci-Fi,"When Tony Stark tries to jumpstart a dormant peacekeeping program, things go awry and EarthÃÂÃÂÃÂÃÂ¢ÃÂÃÂÃÂÃÂÃÂÃÂÃÂÃÂs Mightiest Heroes are put to the ultimate test as the fate of the planet hangs in the balance. As the villainous Ultron emerges, it is up to The Avengers to stop him from enacting his terrible plans, and soon uneasy alliances and unexpected action pave the way for an epic and unique global adventure.",7.3,906044,2015,https://image.tmdb.org/t/p/w500/4ssDuvEDkSArWEdyBl2X5EHvYKU.jpg
286217,The Martian,Ridley Scott,Matt Damon,Jessica Chastain,Kristen Wiig,Drama Adventure Sci-Fi,"During a manned mission to Mars, Astronaut Mark Watney is presumed dead after a fierce storm and left behind by his crew. But Watney has survived and finds himself stranded and alone on the hostile planet. With only meager supplies, he must draw upon his ingenuity, wit and spirit to subsist and find a way to signal to Earth that he is alive.",8.0,903425,2015,https://image.tmdb.org/t/p/w500/5BHuvQ6p9kfc091Z8RiFNhCwL4b.jpg
107,Snatch,Guy Ritchie,Benicio del Toro, Jason Statham, Brad Pitt,Crime Comedy,"Unscrupulous boxing promoters, violent bookmakers, a Russian gangster, incompetent amateur robbers and supposedly Jewish jewelers fight to track down a priceless stolen diamond.",8.2,893711,2000,https://image.tmdb.org/t/p/w500/56mOJth6DJ6JhgoE2jtpilVqJO.jpg
10195,Thor,Kenneth Branagh,Chris Hemsworth,Natalie Portman,Tom Hiddleston,Adventure Fantasy Action,"Against his father Odin's will, The Mighty Thor - a powerful but arrogant warrior god - recklessly reignites an ancient war. Thor is cast down to Earth and forced to live among humans as punishment. Once here, Thor learns what it takes to be a true hero when the most dangerous villain of his world sends the darkest forces of Asgard to invade Earth.",7.0,887418,2011,https://image.tmdb.org/t/p/w500/prSfAi1xGrhLQNxVSUFh61xQ4Qy.jpg
68721,Iron Man 3,Shane Black,Robert Downey Jr.,Ben Kingsley,Don Cheadle,Action Adventure Sci-Fi,"When Tony Stark's world is torn apart by a formidable terrorist called the Mandarin, he starts an odyssey of rebuilding and retribution.",7.1,886431,2013,https://image.tmdb.org/t/p/w500/qhPtAc1TKbMPqNvcdXSOn9Bn7hZ.jpg
100402,Captain America: The Winter Soldier,Anthony Russo,Chris Evans,Scarlett Johansson,Sebastian Stan,Action Adventure Sci-Fi,"After the cataclysmic events in New York with The Avengers, Steve Rogers, aka Captain America is living quietly in Washington, D.C. and trying to adjust to the modern world. But when a S.H.I.E.L.D. colleague comes under attack, Steve becomes embroiled in a web of intrigue that threatens to put the world at risk. Joining forces with the Black Widow, Captain America struggles to expose the ever-widening conspiracy while fighting off professional assassins sent to silence him at every turn. When the full scope of the villainous plot is revealed, Captain America and the Black Widow enlist the help of a new ally, the Falcon. However, they soon find themselves up against an unexpected and formidable enemyÃÂÃÂÃÂÃÂ¢ÃÂÃÂÃÂÃÂÃÂÃÂÃÂÃÂthe Winter Soldier.",7.8,885634,2014,https://image.tmdb.org/t/p/w500/tVFRpFw3xTedgPGqxW0AOI8Qhh0.jpg
641,Requiem for a Dream,Darren Aronofsky,Ellen Burstyn, Jared Leto, Jennifer Connelly,Crime Drama,The hopes and dreams of four ambitious people are shattered when their drug addictions begin spiraling out of control. A look into addiction and how it overcomes the mind and body.,8.3,882659,2000,https://image.tmdb.org/t/p/w500/nOd6vjEmzCT0k4VYqsA2hwyi87C.jpg
1771,Captain America: The First Avenger,Joe Johnston,Chris Evans,Tommy Lee Jones,Hugo Weaving,Action Adventure Sci-Fi,"During World War II, Steve Rogers is a sickly man from Brooklyn who's transformed into super-soldier Captain America to aid in the war effort. Rogers must stop the Red Skull ÃÂÃÂÃÂÃÂ¢ÃÂÃÂÃÂÃÂÃÂÃÂÃÂÃÂ Adolf Hitler's ruthless head of weaponry, and the leader of an organization that intends to use a mysterious device of untold powers for world domination.",6.9,882595,2011,https://image.tmdb.org/t/p/w500/vSNxAJTlD0r02V9sPYpOjqDZXUK.jpg
10193,Toy Story 3,Lee Unkrich,Tom Hanks,Tim Allen,Joan Cusack,Animation Family Comedy,"Woody, Buzz, and the rest of Andy's toys haven't been played with in years. With Andy about to go to college, the gang find themselves accidentally left at a nefarious day care center. The toys must band together to escape and return home to Andy.",8.3,876868,2010,https://image.tmdb.org/t/p/w500/AbbXspMOwdvwWZgVN0nabZq03Ec.jpg
12405,Slumdog Millionaire,Danny Boyle,Dev Patel,Freida Pinto,Madhur Mittal,Drama Romance,"A teenager reflects on his life after being accused of cheating on the Indian version of ""Who Wants to be a Millionaire?"".",8.0,867638,2008,https://image.tmdb.org/t/p/w500/5leCCi7ZF0CawAfM5Qo2ECKPprc.jpg
120467,The Grand Budapest Hotel,Wes Anderson,Ralph Fiennes,Tony Revolori,F. Murray Abraham,Comedy Drama,"The Grand Budapest Hotel tells of a legendary concierge at a famous European hotel between the wars and his friendship with a young employee who becomes his trusted protÃÂÃÂÃÂÃÂÃÂÃÂÃÂÃÂ©gÃÂÃÂÃÂÃÂÃÂÃÂÃÂÃÂ©. The story involves the theft and recovery of a priceless Renaissance painting, the battle for an enormous family fortune and the slow and then sudden upheavals that transformed Europe during the first half of the 20th century.",8.1,865390,2014,https://image.tmdb.org/t/p/w500/eWdyYQreja6JGCzqHWXpWHDrrPo.jpg
569094,Spider-Man,Sam Raimi,Tobey Maguire, Willem Dafoe, Kirsten Dunst,Animation Action Adventure,"After reuniting with Gwen Stacy, BrooklynÃÂÃÂÃÂÃÂ¢ÃÂÃÂÃÂÃÂÃÂÃÂÃÂÃÂs full-time, friendly neighborhood Spider-Man is catapulted across the Multiverse, where he encounters the Spider Society, a team of Spider-People charged with protecting the MultiverseÃÂÃÂÃÂÃÂ¢ÃÂÃÂÃÂÃÂÃÂÃÂÃÂÃÂs very existence. But when the heroes clash on how to handle a new threat, Miles finds himself pitted against the other Spiders and must set out on his own to save those he loves most.",7.4,861622,2002,https://image.tmdb.org/t/p/w500/8Vt6mWEReuy4Of61Lnj5Xj704m8.jpg
49051,The Hobbit: An Unexpected Journey,Peter Jackson,Richard Armitage,Ian McKellen,Martin Freeman,Adventure Fantasy Action,"Bilbo Baggins, a hobbit enjoying his quiet life, is swept into an epic quest by Gandalf the Grey and thirteen dwarves who seek to reclaim their mountain home from Smaug, the dragon.",7.8,858616,2012,https://image.tmdb.org/t/p/w500/yHA9Fc37VmpUA5UncTxxo3rTGVA.jpg
10138,Iron Man 2,Jon Favreau,Robert Downey Jr.,Don Cheadle,Mickey Rourke,Adventure Action Sci-Fi,"With the world now aware of his dual life as the armored superhero Iron Man, billionaire inventor Tony Stark faces pressure from the government, the press and the public to share his technology with the military. Unwilling to let go of his invention, Stark, with Pepper Potts and James 'Rhodey' Rhodes at his side, must forge new alliances ÃÂÃÂÃÂÃÂ¢ÃÂÃÂÃÂÃÂÃÂÃÂÃÂÃÂ and confront powerful enemies.",6.9,853226,2010,https://image.tmdb.org/t/p/w500/6WBeq4fCfn7AN0o21W9qNcRF2l9.jpg
281957,The Revenant,Alejandro Gonzalez Inarritu,Leonardo DiCaprio,Tom Hardy,Domhnall Gleeson,Western Drama Adventure,"In the 1820s, a frontiersman, Hugh Glass, sets out on a path of vengeance against those who left him for dead after a bear mauling.",8.0,852760,2015,https://image.tmdb.org/t/p/w500/ji3ecJphATlVgWNY0B0RVXZizdf.jpg
49047,Gravity,Alfonso Cuaron,Sandra Bullock,George Clooney,Ed Harris,Sci-Fi Thriller Drama,"Dr. Ryan Stone, a brilliant medical engineer on her first Shuttle mission, with veteran astronaut Matt Kowalsky in command of his last flight before retiring. But on a seemingly routine spacewalk, disaster strikes. The Shuttle is destroyed, leaving Stone and Kowalsky completely alone-tethered to nothing but each other and spiraling out into the blackness of space. The deafening silence tells them they have lost any link to Earth and any chance for rescue. As fear turns to panic, every gulp of air eats away at what little oxygen is left. But the only way home may be to go further out into the terrifying expanse of space.",7.7,852586,2013,https://image.tmdb.org/t/p/w500/kZ2nZw8D681aphje8NJi8EfbL1U.jpg
634649,Spider-Man: No Way Home,Jon Watts,Tom Holland,Benedict Cumberbatch,Zendaya,Action Adventure Sci-Fi,"Peter Parker is unmasked and no longer able to separate his normal life from the high-stakes of being a super-hero. When he asks for help from Doctor Strange the stakes become even more dangerous, forcing him to discover what it truly means to be Spider-Man.",8.2,847321,2021,https://image.tmdb.org/t/p/w500/5weKu49pzJCt06OPpjvT80efnQj.jpg
141,Donnie Darko,Richard Kelly,Jake Gyllenhaal, Jena Malone, Drew Barrymore,Fantasy Drama Mystery,"After narrowly escaping a bizarre accident, a troubled teenager is plagued by visions of a large bunny rabbit that manipulates him to commit a series of crimes.",8.0,836581,2001,https://image.tmdb.org/t/p/w500/fhQoQfejY1hUcwyuLgpBrYs6uFt.jpg
671,Harry Potter and the Sorcerer's Stone,Chris Columbus,Daniel Radcliffe, Rupert Grint, Emma Watson,Adventure Fantasy,"Harry Potter has lived under the stairs at his aunt and uncle's house his whole life. But on his 11th birthday, he learns he's a powerful wizardÃÂÃÂÃÂÃÂ¢ÃÂÃÂÃÂÃÂÃÂÃÂÃÂÃÂwith a place waiting for him at the Hogwarts School of Witchcraft and Wizardry. As he learns to harness his newfound powers with the help of the school's kindly headmaster, Harry uncovers the truth about his parents' deathsÃÂÃÂÃÂÃÂ¢ÃÂÃÂÃÂÃÂÃÂÃÂÃÂÃÂand about the villain who's to blame.",7.6,835553,2001,https://image.tmdb.org/t/p/w500/wuMc08IPKEatf9rnMNXvIDxqP4W.jpg
271110,Captain America: Civil War,Anthony Russo and Joe Russo,Chris Evans,Robert Downey Jr.,Scarlett Johansson,Adventure Action Sci-Fi,"Following the events of Age of Ultron, the collective governments of the world pass an act designed to regulate all superhuman activity. This polarizes opinion amongst the Avengers, causing two factions to side with Iron Man or Captain America, which causes an epic battle between former allies.",7.8,834035,2016,https://image.tmdb.org/t/p/w500/rAGiXaUfPzY7CDEyNKUofk3Kw2e.jpg
1895,Star Wars: Revenge of the Sith,George Lucas,Ewan McGregor,Natalie Portman,Hayden Christensen,Adventure Action Sci-Fi,The evil Darth Sidious enacts his final plan for unlimited power -- and the heroic Jedi Anakin Skywalker must choose a side.,7.6,831046,2005,https://image.tmdb.org/t/p/w500/xfSAoBEm9MNBjmlNcDYLvLSMlnq.jpg
18785,The Hangover,Todd Phillips,Bradley Cooper,Ed Helms,Zach Galifianakis,Comedy,"When three friends finally come to after a raucous night of bachelor-party revelry, they find a baby in the closet and a tiger in the bathroom. But they can't seem to locate their best friend, Doug ÃÂÃÂÃÂÃÂ¢ÃÂÃÂÃÂÃÂÃÂÃÂÃÂÃÂ who's supposed to be tying the knot. Launching a frantic search for Doug, the trio perseveres through a nasty hangover to try to make it to the church on time.",7.7,828137,2009,https://image.tmdb.org/t/p/w500/uluhlXubGu1VxU63X9VHCLWDAYP.jpg
284054,Black Panther,Ryan Coogler,Chadwick Boseman,Michael B. Jordan,Lupita Nyong'o,Action Adventure Sci-Fi,"King T'Challa returns home to the reclusive, technologically advanced African nation of Wakanda to serve as his country's new leader. However, T'Challa soon finds that he is challenged for the throne by factions within his own country as well as without. Using powers reserved to Wakandan kings, T'Challa assumes the Black Panther mantle to join with ex-girlfriend Nakia, the queen-mother, his princess-kid sister, members of the Dora Milaje (the Wakandan 'special forces') and an American secret agent, to prevent Wakanda from being dragged into a world war.",7.3,822555,2018,https://image.tmdb.org/t/p/w500/uxzzxijgPIY7slzFvMotPv8wjKA.jpg
466272,Once Upon a Time in Hollywood,Quentin Tarantino,Leonardo DiCaprio,Brad Pitt,Margot Robbie,Comedy Drama Thriller,"Los Angeles, 1969. TV star Rick Dalton, a struggling actor specializing in westerns, and stuntman Cliff Booth, his best friend, try to survive in a constantly changing movie industry. Dalton is the neighbor of the young and promising actress and model Sharon Tate, who has just married the prestigious Polish director Roman PolanskiÃÂÃÂÃÂÃÂ¢ÃÂÃÂÃÂÃÂÃÂÃÂÃÂÃÂ¦",7.6,812752,2019,https://image.tmdb.org/t/p/w500/8j58iEBw9pOXFD2L0nt0ZXeHviB.jpg
263115,Logan,James Mangold,Hugh Jackman,Patrick Stewart,Richard E. Grant,Action Drama Sci-Fi,"In the near future, a weary Logan cares for an ailing Professor X in a hideout on the Mexican border. But Logan's attempts to hide from the world and his legacy are upended when a young mutant arrives, pursued by dark forces.",8.1,812538,2017,https://image.tmdb.org/t/p/w500/fnbjcRDYn6YviCcePDnGdyAkYsB.jpg
44214,Black Swan,Darren Aronofsky,Natalie Portman,Mila Kunis,Vincent Cassel,Drama Thriller Horror,A journey through the psyche of a young ballerina whose starring role as the duplicitous swan queen turns out to be a part for which she becomes frighteningly perfect.,8.0,807222,2010,https://image.tmdb.org/t/p/w500/rH19vkjAzCZ0HIUvrgB3rowm68h.jpg
13223,Gran Torino,Clint Eastwood,Clint Eastwood,Christopher Carley,Bee Vang,Drama,"Disgruntled Korean War veteran Walt Kowalski sets out to reform his neighbor, Thao Lor, a Hmong teenager who tried to steal Kowalski's prized possession: a 1972 Gran Torino.",8.1,801707,2008,https://image.tmdb.org/t/p/w500/zUybYvxWdAJy5hhYovsXtHSWI1l.jpg
49521,Man of Steel,Zack Snyder,Henry Cavill,Amy Adams,Michael Shannon,Action Adventure Sci-Fi,"A young boy learns that he has extraordinary powers and is not of this earth. As a young man, he journeys to discover where he came from and what he was sent here to do. But the hero in him must emerge if he is to save the world from annihilation and become the symbol of hope for all mankind.",7.1,801585,2013,https://image.tmdb.org/t/p/w500/dksTL9NXc3GqPBRHYHcy1aIwjS.jpg
284053,Thor: Ragnarok,Taika Waititi,Chris Hemsworth,Tom Hiddleston,Cate Blanchett,Action Adventure Sci-Fi,"Thor is imprisoned on the other side of the universe and finds himself in a race against time to get back to Asgard to stop Ragnarok, the destruction of his home-world and the end of Asgardian civilization, at the hands of a powerful new threat, the ruthless Hela.",7.9,800376,2017,https://image.tmdb.org/t/p/w500/rzRwTcFvttcN1ZpX2xv4j3tSdJu.jpg
2062,Ratatouille,Brad Bird,Patton Oswalt,Lou Romano,Brad Garrett,Animation Comedy Family Fantasy,"Remy, a resident of Paris, appreciates good food and has quite a sophisticated palate. He would love to become a chef so he can create and enjoy culinary masterpieces to his heart's delight. The only problem is, Remy is a rat. When he winds up in the sewer beneath one of Paris' finest restaurants, the rodent gourmet finds himself ideally placed to realize his dream.",8.1,799510,2007,https://image.tmdb.org/t/p/w500/t3vaWRPSf6WjDSamIkKDs1iQWna.jpg
6479,I Am Legend,Francis Lawrence,Will Smith,Alice Braga,Dash Mihok,Drama Sci-Fi Thriller,"Robert Neville is a scientist who was unable to stop the spread of the terrible virus that was incurable and man-made. Immune, Neville is now the last human survivor in what is left of New York City and perhaps the world. For three years, Neville has faithfully sent out daily radio messages, desperate to find any other survivors who might be out there. But he is not alone.",7.2,797669,2007,https://image.tmdb.org/t/p/w500/iPDkaSdKk2jRLTM65UOEoKtsIZ8.jpg
284052,Doctor Strange,Scott Derrickson,Benedict Cumberbatch,Chiwetel Ejiofor,Rachel McAdams,Action Adventure Fantasy,"After his career is destroyed, a brilliant but arrogant surgeon gets a new lease on life when a sorcerer takes him under her wing and trains him to defend the world against evil.",7.5,788459,2016,https://image.tmdb.org/t/p/w500/uGBVj3bEbCoZbDjjl9wTxcygko1.jpg
9806,The Incredibles,Brad Bird,Craig T. Nelson,Holly Hunter,Samuel L. Jackson,Action Adventure Animation Family,"Bob Parr has given up his superhero days to log in time as an insurance adjuster and raise his three children with his formerly heroic wife in suburbia. But when he receives a mysterious assignment, it's time to get back into costume.",8.0,788283,2004,https://image.tmdb.org/t/p/w500/2LqaLgk4Z226KkgPJuiOQ58wvrm.jpg
187,Sin City,Frank Miller,Jessica Alba,Benicio del Toro,Brittany Murphy,Thriller Action Crime,"Welcome to Sin City. This town beckons to the tough, the corrupt, the brokenhearted. Some call it darkÃÂÃÂÃÂÃÂ¢ÃÂÃÂÃÂÃÂÃÂÃÂÃÂÃÂ¦ Hard-boiled. Then there are those who call it home ÃÂÃÂÃÂÃÂ¢ÃÂÃÂÃÂÃÂÃÂÃÂÃÂÃÂ Crooked cops, sexy dames, desperate vigilantes. Some are seeking revenge, others lust after redemption, and then there are those hoping for a little of both. A universe of unlikely and reluctant heroes still trying to do the right thing in a city that refuses to care.",8.0,786745,2005,https://image.tmdb.org/t/p/w500/i66G50wATMmPrvpP95f0XP6ZdVS.jpg
10191,How to Train Your Dragon,Chris Sanders,Jay Baruchel,Gerard Butler,Craig Ferguson,Fantasy Adventure Animation Family,"As the son of a Viking leader on the cusp of manhood, shy Hiccup Horrendous Haddock III faces a rite of passage: he must kill a dragon to prove his warrior mettle. But after downing a feared dragon, he realizes that he no longer wants to destroy it, and instead befriends the beast ÃÂÃÂÃÂÃÂ¢ÃÂÃÂÃÂÃÂÃÂÃÂÃÂÃÂ which he names Toothless ÃÂÃÂÃÂÃÂ¢ÃÂÃÂÃÂÃÂÃÂÃÂÃÂÃÂ much to the chagrin of his warrior father.",8.1,783160,2010,https://image.tmdb.org/t/p/w500/ygGmAO60t8GyqUo9xYeYxSZAR3b.jpg
146233,Prisoners,Denis Villeneuve,Jake Gyllenhaal,Hugh Jackman,Paul Dano,Drama Thriller Crime,"Keller Dover faces a parent's worst nightmare when his 6-year-old daughter, Anna, and her friend go missing. The only lead is an old motorhome that had been parked on their street. The head of the investigation, Detective Loki, arrests the driver, but a lack of evidence forces Loki to release his only suspect. Dover, knowing that his daughter's life is at stake, decides that he has no choice but to take matters into his own hands.",8.1,782518,2013,https://image.tmdb.org/t/p/w500/jsS3a3ep2KyBVmmiwaz3LvK49b1.jpg
150540,Inside Out,Pete Docter,Amy Poehler,Phyllis Smith,Richard Kind,Animation Family Adventure Drama Comedy,"Growing up can be a bumpy road, and it's no exception for Riley, who is uprooted from her Midwest life when her father starts a new job in San Francisco. Riley's guiding emotionsÃÂÃÂÃÂÃÂ¢ÃÂÃÂÃÂÃÂÃÂÃÂÃÂÃÂ Joy, Fear, Anger, Disgust and SadnessÃÂÃÂÃÂÃÂ¢ÃÂÃÂÃÂÃÂÃÂÃÂÃÂÃÂlive in Headquarters, the control centre inside Riley's mind, where they help advise her through everyday life and tries to keep things positive, but the emotions conflict on how best to navigate a new city, house and school.",8.1,764785,2015,https://image.tmdb.org/t/p/w500/2H1TmgdfNtsKlU9jKdeNyYL5y8T.jpg
58,Pirates of the Caribbean: Dead Man's Chest,Gore Verbinski,Johnny Depp,Orlando Bloom,Keira Knightley,Adventure Fantasy Action,Captain Jack Sparrow works his way out of a blood debt with the ghostly Davy Jones to avoid eternal damnation.,7.4,753162,2006,https://image.tmdb.org/t/p/w500/uXEqmloGyP7UXAiphJUu2v2pcuE.jpg
546554,Knives Out,Rian Johnson,Daniel Craig,Chris Evans,Ana de Armas,Comedy Crime Mystery,"When renowned crime novelist Harlan Thrombey is found dead at his estate just after his 85th birthday, the inquisitive and debonair Detective Benoit Blanc is mysteriously enlisted to investigate. From Harlan's dysfunctional family to his devoted staff, Blanc sifts through a web of red herrings and self-serving lies to uncover the truth behind Harlan's untimely death.",7.9,749246,2019,https://image.tmdb.org/t/p/w500/pThyQovXQrw2m0s9x82twj48Jq4.jpg
329865,Arrival,Denis Villeneuve,Amy Adams,Jeremy Renner,Forest Whitaker,Drama Sci-Fi Mystery,"Taking place after alien crafts land around the world, an expert linguist is recruited by the military to determine whether they come in peace or are a threat.",7.9,745997,2016,https://image.tmdb.org/t/p/w500/x2FJsf1ElAgr63Y3PNPtJrcmpoe.jpg
1894,Star Wars: Episode II - Attack of the Clones,George Lucas,Ewan McGregor, Natalie Portman, Hayden Christensen,Adventure Action Sci-Fi,"Following an assassination attempt on Senator PadmÃÂÃÂÃÂÃÂÃÂÃÂÃÂÃÂ© Amidala, Jedi Knights Anakin Skywalker and Obi-Wan Kenobi investigate a mysterious plot that could change the galaxy forever.",6.6,745461,2002,https://image.tmdb.org/t/p/w500/oZNPzxqM2s5DyVWab09NTQScDQt.jpg
414906,The Batman,Matt Reeves,Robert Pattinson,Zoë Kravitz,Paul Dano,Crime Mystery Thriller,"In his second year of fighting crime, Batman uncovers corruption in Gotham City that connects to his own family while facing a serial killer known as the Riddler.",7.8,744740,2022,https://image.tmdb.org/t/p/w500/74xTEgt7R36Fpooo50r9T25onhq.jpg
209112,Batman v Superman: Dawn of Justice,Zack Snyder,Ben Affleck,Henry Cavill,Amy Adams,Action Adventure Fantasy,"Fearing the actions of a god-like Super Hero left unchecked, Gotham CityÃÂÃÂÃÂÃÂ¢ÃÂÃÂÃÂÃÂÃÂÃÂÃÂÃÂs own formidable, forceful vigilante takes on MetropolisÃÂÃÂÃÂÃÂ¢ÃÂÃÂÃÂÃÂÃÂÃÂÃÂÃÂs most revered, modern-day savior, while the world wrestles with what sort of hero it really needs. And with Batman and Superman at war with one another, a new threat quickly arises, putting mankind in greater danger than itÃÂÃÂÃÂÃÂ¢ÃÂÃÂÃÂÃÂÃÂÃÂÃÂÃÂs ever known before.",6.5,743708,2016,https://image.tmdb.org/t/p/w500/5UsK3grJvtQrtzEgqNlDljJW96w.jpg
283995,Guardians of the Galaxy Vol. 2,James Gunn,Chris Pratt,Zoe Saldana,Dave Bautista,Sci-Fi Adventure Action,The Guardians must fight to keep their newfound family together as they unravel the mysteries of Peter Quill's true parentage.,7.6,741862,2017,https://image.tmdb.org/t/p/w500/y4MBh0EjBlMuOzv9axM4qJlmhzz.jpg
37799,The Social Network,David Fincher,Jesse Eisenberg,Andrew Garfield,Justin Timberlake,Drama,"The tale of a new breed of cultural insurgent: a punk genius who sparked a revolution and changed the face of human interaction for a generation, and perhaps forever.",7.8,740405,2010,https://image.tmdb.org/t/p/w500/n0ybibhJtQ5icDqTp8eRytcIHJx.jpg
127585,X-Men: Days of Future Past,Bryan Singer,Hugh Jackman,James McAvoy,Michael Fassbender,Action Adventure Sci-Fi,The ultimate X-Men ensemble fights a war for the survival of the species across two time periods as they join forces with their younger selves in an epic battle that must change the past ÃÂÃÂÃÂÃÂ¢ÃÂÃÂÃÂÃÂÃÂÃÂÃÂÃÂ to save our future.,7.9,735539,2014,https://image.tmdb.org/t/p/w500/tYfijzolzgoMOtegh1Y7j2Enorg.jpg
82693,Silver Linings Playbook,David O. Russell,Bradley Cooper,Jennifer Lawrence,Robert De Niro,Drama Comedy Romance,"After spending eight months in a mental institution, a former teacher moves back in with his parents and tries to reconcile with his ex-wife.",7.7,733367,2012,https://image.tmdb.org/t/p/w500/y7iOVneBvITlBdhy6tVqXVOa1Js.jpg
76203,12 Years a Slave,Steve McQueen,Chiwetel Ejiofor,Michael Fassbender,Benedict Cumberbatch,Drama History,"In the pre-Civil War United States, Solomon Northup, a free black man from upstate New York, is abducted and sold into slavery. Facing cruelty as well as unexpected kindnesses Solomon struggles not only to stay alive, but to retain his dignity. In the twelfth year of his unforgettable odyssey, SolomonÃÂÃÂÃÂÃÂ¢ÃÂÃÂÃÂÃÂÃÂÃÂÃÂÃÂs chance meeting with a Canadian abolitionist will forever alter his life.",8.1,730275,2013,https://image.tmdb.org/t/p/w500/xdANQijuNrJaw1HA61rDccME4Tm.jpg
438631,Dune,Denis Villeneuve,Timothee Chalamet,Rebecca Ferguson,Oscar Isaac,Sci-Fi Adventure,"Paul Atreides, a brilliant and gifted young man born into a great destiny beyond his understanding, must travel to the most dangerous planet in the universe to ensure the future of his family and his people. As malevolent forces explode into conflict over the planet's exclusive supply of the most precious resource in existence-a commodity capable of unlocking humanity's greatest potential-only those who can conquer their fear will survive.",8.0,728878,2021,https://image.tmdb.org/t/p/w500/d5NXSklXo0qyIYkgV94XAgMIckC.jpg
603692,John Wick,Chad Stahelski,Keanu Reeves,Michael Nyqvist,Alfie Allen,Action Thriller Crime,"With the price on his head ever increasing, John Wick uncovers a path to defeating The High Table. But before he can earn his freedom, Wick must face off against a new enemy with powerful alliances across the globe and forces that turn old friends into foes.",7.4,721357,2014,https://image.tmdb.org/t/p/w500/vZloFAK7NmvMGKE7VkF5UHaz0I.jpg
137113,Edge of Tomorrow,Doug Liman,Tom Cruise,Emily Blunt,Bill Paxton,Action Sci-Fi,"Major Bill Cage is an officer who has never seen a day of combat when he is unceremoniously demoted and dropped into combat. Cage is killed within minutes, managing to take an alpha alien down with him. He awakens back at the beginning of the same day and is forced to fight and die again... and again - as physical contact with the alien has thrown him into a time loop.",7.9,720941,2014,https://image.tmdb.org/t/p/w500/xjw5trHV7Mwo61P0kCTy8paEkgO.jpg
37724,Skyfall,Sam Mendes,Daniel Craig,Ralph Fiennes,Judi Dench,Action Adventure Thriller,"When Bond's latest assignment goes gravely wrong, agents around the world are exposed and MI6 headquarters is attacked. While M faces challenges to her authority and position from Gareth Mallory, the new Chairman of the Intelligence and Security Committee, it's up to Bond, aided only by field agent Eve, to locate the mastermind behind the attack.",7.8,720490,2012,https://image.tmdb.org/t/p/w500/d0IVecFQvsGdSbnMAHqiYsNYaJT.jpg
374720,Dunkirk,Christopher Nolan,Fionn Whitehead,Tom Glynn-Carney,Aneurin Barnard,War Action Drama,"The story of the miraculous evacuation of Allied soldiers from Belgium, Britain, Canada and France, who were cut off and surrounded by the German army from the beaches and harbour of Dunkirk between May 26th and June 4th 1940 during World War II.",7.8,719820,2017,https://image.tmdb.org/t/p/w500/b4Oe15CGLL61Ped0RAS9JpqdmCt.jpg
808,Shrek,"Andrew Adamson, Vicky Jenson",Mike Myers, Eddie Murphy, Cameron Diaz,Animation Comedy Fantasy Adventure Family,"It ain't easy bein' green -- especially if you're a likable (albeit smelly) ogre named Shrek. On a mission to retrieve a gorgeous princess from the clutches of a fire-breathing dragon, Shrek teams up with an unlikely compatriot -- a wisecracking donkey.",7.9,717579,2001,https://image.tmdb.org/t/p/w500/dyhaB19AICF7TO7CK2aD6KfymnQ.jpg
691677,X-Men: First Class,Matthew Vaughn,James McAvoy,Michael Fassbender,Rose Byrne,Documentary,"TV special about the making of ""X-Men: First Class"".",7.7,714120,2011,https://image.tmdb.org/t/p/w500/gionQv04AWnRaDMNvBF24uJMSTf.jpg
76338,Thor: The Dark World,Alan Taylor,Chris Hemsworth,Natalie Portman,Tom Hiddleston,Action Adventure Fantasy,"Thor fights to restore order across the cosmosÃÂÃÂÃÂÃÂ¢ÃÂÃÂÃÂÃÂÃÂÃÂÃÂÃÂ¦ but an ancient race led by the vengeful Malekith returns to plunge the universe back into darkness. Faced with an enemy that even Odin and Asgard cannot withstand, Thor must embark on his most perilous and personal journey yet, one that will reunite him with Jane Foster and force him to sacrifice everything to save us all.",6.8,712944,2013,https://image.tmdb.org/t/p/w500/wp6OxE4poJ4G7c0U2ZIXasTSMR7.jpg
70,Million Dollar Baby,Clint Eastwood,Clint Eastwood,Hilary Swank,Morgan Freeman,Drama,"Despondent over a painful estrangement from his daughter, trainer Frankie Dunn isn't prepared for boxer Maggie Fitzgerald to enter his life. But Maggie's determined to go pro and to convince Dunn and his cohort to help her.",8.1,711922,2004,https://image.tmdb.org/t/p/w500/2ti3l1OeB8G94yyqfAI7nmMZUbA.jpg
297761,Suicide Squad,David Ayer,Will Smith,Jared Leto,Margot Robbie,Action Adventure Fantasy,"From DC Comics comes the Suicide Squad, an antihero team of incarcerated supervillains who act as deniable assets for the United States government, undertaking high-risk black ops missions in exchange for commuted prison sentences.",5.9,711858,2016,https://image.tmdb.org/t/p/w500/xFw9RXKZDvevAGocgBK0zteto4U.jpg
102899,Ant-Man,Peyton Reed,Paul Rudd,Evangeline Lilly,Corey Stoll,Sci-Fi Action Adventure,"Armed with the astonishing ability to shrink in scale but increase in strength, master thief Scott Lang must embrace his inner-hero and help his mentor, Doctor Hank Pym, protect the secret behind his spectacular Ant-Man suit from a new generation of towering threats. Against seemingly insurmountable obstacles, Pym and Lang must plan and pull off a heist that will save the world.",7.3,709484,2015,https://image.tmdb.org/t/p/w500/8YxOIPrabqkQCOKKbuxaz9IcqhO.jpg
17654,District 9,Neill Blomkamp,Sharlto Copley,Jason Cope,David James,Sci-Fi,"Thirty years ago, aliens arrive on Earth. Not to conquer or give aid, but to find refuge from their dying planet. Separated from humans in a South African area called District 9, the aliens are managed by Multi-National United, which is unconcerned with the aliens' welfare but will do anything to master their advanced technology. When a company field agent contracts a mysterious virus that begins to alter his DNA, there is only one place he can hide: District 9.",7.9,707327,2009,https://image.tmdb.org/t/p/w500/tuGlQkqLxnodDSk6mp5c2wvxUEd.jpg
72190,World War Z,Marc Forster,Brad Pitt,Mireille Enos,Ruth Negga,Action Drama Horror Sci-Fi Thriller,"Life for former United Nations investigator Gerry Lane and his family seems content. Suddenly, the world is plagued by a mysterious infection turning whole human populations into rampaging mindless zombies. After barely escaping the chaos, Lane is persuaded to go on a mission to investigate this disease. What follows is a perilous trek around the world where Lane must brave horrific dangers and long odds to find answers before human civilization falls.",7.0,705569,2013,https://image.tmdb.org/t/p/w500/1SWBSYJsnyhdNRfLI1T6RsCxAQ4.jpg
101299,The Hunger Games: Catching Fire,Francis Lawrence,Jennifer Lawrence,Josh Hutcherson,Liam Hemsworth,Adventure Action Sci-Fi,"Katniss Everdeen has returned home safe after winning the 74th Annual Hunger Games along with fellow tribute Peeta Mellark. Winning means that they must turn around and leave their family and close friends, embarking on a ""Victor's Tour"" of the districts. Along the way Katniss senses that a rebellion is simmering, but the Capitol is still very much in control as President Snow prepares the 75th Annual Hunger Games (The Quarter Quell) - a competition that could change Panem forever.",7.5,704936,2013,https://image.tmdb.org/t/p/w500/vrQHDXjVmbYzadOXQ0UaObunoy2.jpg
315635,Spider-Man: Homecoming,Jon Watts,Tom Holland,Michael Keaton,Jon Favreau,Action Adventure Sci-Fi Drama,"Following the events of Captain America: Civil War, Peter Parker, with the help of his mentor Tony Stark, tries to balance his life as an ordinary high school student in Queens, New York City, with fighting crime as his superhero alter ego Spider-Man as a new threat, the Vulture, emerges.",7.4,703326,2017,https://image.tmdb.org/t/p/w500/c24sv2weTHPsmDa7jEMN0m2P3RT.jpg
45269,The King's Speech,Tom Hooper,Colin Firth,Geoffrey Rush,Helena Bonham Carter,Drama History,"The King's Speech tells the story of the man who became King George VI, the father of Queen Elizabeth II. After his brother abdicates, George ('Bertie') reluctantly assumes the throne. Plagued by a dreaded stutter and considered unfit to be king, Bertie engages the help of an unorthodox speech therapist named Lionel Logue. Through a set of unexpected techniques, and as a result of an unlikely friendship, Bertie is able to find his voice and boldly lead the country into war.",8.0,700766,2010,https://image.tmdb.org/t/p/w500/uQ538BfYLDJh3GXlzRZLo0j7PFj.jpg
75656,Now You See Me,Louis Leterrier,Jesse Eisenberg,Isla Fisher,Morgan Freeman,Thriller Crime,An FBI agent and an Interpol detective track a team of illusionists who pull off bank heists during their performances and reward their audiences with the money.,7.2,693692,2013,https://image.tmdb.org/t/p/w500/tWsNYbrqy1p1w6K9zRk0mSchztT.jpg
558,Spider-Man 2,Sam Raimi,Tobey Maguire,Kirsten Dunst,James Franco,Action Adventure Fantasy,"Peter Parker is going through a major identity crisis. Burned out from being Spider-Man, he decides to shelve his superhero alter ego, which leaves the city suffering in the wake of carnage left by the evil Doc Ock. In the meantime, Parker still can't act on his feelings for Mary Jane Watson, a girl he's loved since childhood. A certain anger begins to brew in his best friend Harry Osborn as well...",7.5,692949,2004,https://image.tmdb.org/t/p/w500/olxpyq9kJAZ2NU1siLshhhXEPR7.jpg
57158,The Hobbit: The Desolation of Smaug,Peter Jackson,Martin Freeman,Ian McKellen,Richard Armitage,Fantasy Adventure Action,"The Dwarves, Bilbo and Gandalf have successfully escaped the Misty Mountains, and Bilbo has gained the One Ring. They all continue their journey to get their gold back from the Dragon, Smaug.",7.8,692007,2013,https://image.tmdb.org/t/p/w500/toHBMjKK8rg9AL3MBfE1ZglPGOt.jpg
64690,Drive,Nicolas Winding Refn,Ryan Gosling,Carey Mulligan,Bryan Cranston,Drama Thriller Crime,"Driver is a skilled Hollywood stuntman who moonlights as a getaway driver for criminals. Though he projects an icy exterior, lately he's been warming up to a pretty neighbor named Irene and her young son, Benicio. When Irene's husband gets out of jail, he enlists Driver's help in a million-dollar heist. The job goes horribly wrong, and Driver must risk his life to protect Irene and Benicio from the vengeful masterminds behind the robbery.",7.8,689945,2011,https://image.tmdb.org/t/p/w500/602vevIURmpDfzbnv5Ubi6wIkQm.jpg
1930,The Amazing Spider-Man,Marc Webb,Andrew Garfield,Emma Stone,Max Charles,Action Adventure Fantasy,"Peter Parker is an outcast high schooler abandoned by his parents as a boy, leaving him to be raised by his Uncle Ben and Aunt May. Like most teenagers, Peter is trying to figure out who he is and how he got to be the person he is today. As Peter discovers a mysterious briefcase that belonged to his father, he begins a quest to understand his parents' disappearance ÃÂÃÂÃÂÃÂ¢ÃÂÃÂÃÂÃÂÃÂÃÂÃÂÃÂ leading him directly to Oscorp and the lab of Dr. Curt Connors, his father's former partner. As Spider-Man is set on a collision course with Connors' alter ego, The Lizard, Peter will make life-altering choices to use his powers and shape his destiny to become a hero.",6.9,689857,2012,https://image.tmdb.org/t/p/w500/jIfkQNARYyERqRAq1p1c8xgePp4.jpg
10726,American Psycho,Mary Harron,Christian Bale,Chloë Sevigny, Willem Dafoe,Horror Thriller,"Rachel is a criminology student hoping to land a position as a teacher's assistant for professor Robert Starkman. She's sure this position will pave the way to an FBI career, and she's willing to do anything to obtain it -- including killing her classmates. The school psychiatrist, Dr. Daniels, becomes aware that Rachel is insane, but Rachel is skilled at her dangerous game of death and identity theft.",7.6,689119,2000,https://image.tmdb.org/t/p/w500/x4bYbE78GONxAWqke5rmhpKfR7e.jpg
297762,Wonder Woman,Patty Jenkins,Gal Gadot,Chris Pine,Robin Wright,Action Adventure Fantasy,An Amazon princess comes to the world of Man in the grips of the First World War to confront the forces of evil and bring an end to human conflict.,7.4,689099,2017,https://image.tmdb.org/t/p/w500/imekS7f1OuHyUP2LAiTEM0zBzUz.jpg
4922,The Curious Case of Benjamin Button,David Fincher,Brad Pitt,Cate Blanchett,Taraji P. Henson,Drama Fantasy Romance,"Born under unusual circumstances, Benjamin Button springs into being as an elderly man in a New Orleans nursing home and ages in reverse. Twelve years after his birth, he meets Daisy, a child who flits in and out of his life as she grows up to be a dancer. Though he has all sorts of unusual adventures over the course of his life, it is his relationship with Daisy, and the hope that they will come together at the right time, that drives Benjamin forward.",7.8,683747,2008,https://image.tmdb.org/t/p/w500/26wEWZYt6yJkwRVkjcbwJEFh9IS.jpg
36557,Casino Royale,Martin Campbell,Daniel Craig,Eva Green,Mads Mikkelsen,Adventure Action Thriller,"Le Chiffre, a banker to the world's terrorists, is scheduled to participate in a high-stakes poker game in Montenegro, where he intends to use his winnings to establish his financial grip on the terrorist market. M sends BondÃÂÃÂÃÂÃÂ¢ÃÂÃÂÃÂÃÂÃÂÃÂÃÂÃÂon his maiden mission as a 00 AgentÃÂÃÂÃÂÃÂ¢ÃÂÃÂÃÂÃÂÃÂÃÂÃÂÃÂto attend this game and prevent Le Chiffre from winning. With the help of Vesper Lynd and Felix Leiter, Bond enters the most important poker game in his already dangerous career.",8.0,682029,2006,https://image.tmdb.org/t/p/w500/lMrxYKKhd4lqRzwUHAy5gcx9PSO.jpg
285,Pirates of the Caribbean: At World's End,Gore Verbinski,Johnny Depp,Orlando Bloom,Keira Knightley,Adventure Fantasy Action,"Captain Barbossa, long believed to be dead, has come back to life and is headed to the edge of the Earth with Will Turner and Elizabeth Swann. But nothing is quite as it seems.",7.1,680943,2007,https://image.tmdb.org/t/p/w500/jGWpG4YhpQwVmjyHEGkxEkeRf0S.jpg
672,Harry Potter and the Chamber of Secrets,Chris Columbus,Daniel Radcliffe, Rupert Grint, Emma Watson,Adventure Fantasy,"Cars fly, trees fight back, and a mysterious house-elf comes to warn Harry Potter at the start of his second year at Hogwarts. Adventure and danger await when bloody writing on a wall announces: The Chamber Of Secrets Has Been Opened. To save Hogwarts will require all of Harry, Ron and HermioneÃÂÃÂÃÂÃÂ¢ÃÂÃÂÃÂÃÂÃÂÃÂÃÂÃÂs magical abilities and courage.",7.4,675548,2002,https://image.tmdb.org/t/p/w500/sdEOH0992YZ0QSxgXNIGLq1ToUi.jpg
673,Harry Potter and the Prisoner of Azkaban,Alfonso CuarÃÂÃÂ³n,Daniel Radcliffe,Rupert Grint,Emma Watson,Adventure Fantasy,"Year three at Hogwarts means new fun and challenges as Harry learns the delicate art of approaching a Hippogriff, transforming shape-shifting Boggarts into hilarity and even turning back time. But the term also brings danger: soul-sucking Dementors hover over the school, an ally of the accursed He-Who-Cannot-Be-Named lurks within the castle walls, and fearsome wizard Sirius Black escapes Azkaban. And Harry will confront them all.",7.9,674516,2004,https://image.tmdb.org/t/p/w500/aWxwnYoe8p2d2fcxOqtvAtJ72Rw.jpg
330459,Rogue One: A Star Wars Story,Gareth Edwards,Felicity Jones,Diego Luna,Ben Mendelsohn,Action Adventure Sci-Fi,A rogue band of resistance fighters unite for a mission to steal the Death Star plans and bring a new hope to the galaxy.,7.8,674052,2016,https://image.tmdb.org/t/p/w500/i0yw1mFbB7sNGHCs7EXZPzFkdA1.jpg
419430,Get Out,Jordan Peele,Daniel Kaluuya,Allison Williams,Bradley Whitford,Mystery Thriller Horror,"Chris and his girlfriend Rose go upstate to visit her parents for the weekend. At first, Chris reads the family's overly accommodating behavior as nervous attempts to deal with their daughter's interracial relationship, but as the weekend progresses, a series of increasingly disturbing discoveries lead him to a truth that he never could have imagined.",7.8,672527,2017,https://image.tmdb.org/t/p/w500/tFXcEccSQMf3lfhfXKSU9iRBpa3.jpg
135397,Jurassic World,Colin Trevorrow,Chris Pratt,Bryce Dallas Howard,Vincent D'Onofrio,Action Adventure Sci-Fi Thriller,"Twenty-two years after the events of Jurassic Park, Isla Nublar now features a fully functioning dinosaur theme park, Jurassic World, as originally envisioned by John Hammond.",6.9,669893,2015,https://image.tmdb.org/t/p/w500/A0LZHXUzo5C60Oahvt7VxvwuzHw.jpg
1858,Transformers,Michael Bay,Shia LaBeouf,Megan Fox,Tyrese Gibson,Adventure Sci-Fi Action,Young teenager Sam Witwicky becomes involved in the ancient struggle between two extraterrestrial factions of transforming robots ÃÂÃÂÃÂÃÂ¢ÃÂÃÂÃÂÃÂÃÂÃÂÃÂÃÂ the heroic Autobots and the evil Decepticons. Sam holds the clue to unimaginable power and the Decepticons will stop at nothing to retrieve it.,7.0,666185,2007,https://image.tmdb.org/t/p/w500/lkZ9gqCEjzX85lKR6Jjd1uGAXNp.jpg
674,Harry Potter and the Goblet of Fire,Mike Newell,Daniel Radcliffe,Rupert Grint,Emma Watson,Adventure Fantasy,"When Harry Potter's name emerges from the Goblet of Fire, he becomes a competitor in a grueling battle for glory among three wizarding schoolsÃÂÃÂÃÂÃÂ¢ÃÂÃÂÃÂÃÂÃÂÃÂÃÂÃÂthe Triwizard Tournament. But since Harry never submitted his name for the Tournament, who did? Now Harry must confront a deadly dragon, fierce water demons and an enchanted maze only to find himself in the cruel grasp of He Who Must Not Be Named.",7.7,665292,2005,https://image.tmdb.org/t/p/w500/fECBtHlr0RB3foNHDiCBXeg9Bv9.jpg
10528,Sherlock Holmes,Guy Ritchie,Robert Downey Jr.,Jude Law,Rachel McAdams,Action Adventure Crime Mystery,Eccentric consulting detective Sherlock Holmes and Doctor John Watson battle to bring down a new nemesis and unravel a deadly plot that could destroy England.,7.6,659856,2009,https://image.tmdb.org/t/p/w500/momkKuWburNTqKBF6ez7rvhYVhE.jpg
87827,Life of Pi,Ang Lee,Suraj Sharma,Ayush Tandon,Irrfan Khan,Adventure Drama,"The story of an Indian boy named Pi, a zookeeper's son who finds himself in the company of a hyena, zebra, orangutan, and a Bengal tiger after a shipwreck sets them adrift in the Pacific Ocean.",7.9,656557,2012,https://image.tmdb.org/t/p/w500/iLgRu4hhSr6V1uManX6ukDriiSc.jpg
194662,Birdman or (The Unexpected Virtue of Ignorance),Alejandro Gonzalez,Michael Keaton,Zach Galifianakis,Edward Norton,Drama Comedy,"A fading actor best known for his portrayal of a popular superhero attempts to mount a comeback by appearing in a Broadway play. As opening night approaches, his attempts to become more altruistic, rebuild his career, and reconnect with friends and family prove more difficult than expected.",7.7,655329,2014,https://image.tmdb.org/t/p/w500/rHUg2AuIuLSIYMYFgavVwqt1jtc.jpg
152601,Her,Spike Jonze,Joaquin Phoenix,Amy Adams,Rooney Mara,Romance Sci-Fi Drama,"In the not so distant future, Theodore, a lonely writer, purchases a newly developed operating system designed to meet the user's every need. To Theodore's surprise, a romantic relationship develops between him and his operating system. This unconventional love story blends science fiction and romance in a sweet tale that explores the nature of love and the ways that technology isolates and connects us all.",8.0,654215,2013,https://image.tmdb.org/t/p/w500/eCOtqtfvn7mxGl6nfmq4b1exJRc.jpg
530915,1917,Sam Mendes,George MacKay,Dean-Charles Chapman,Mark Strong,War Action Drama,"At the height of the First World War, two young British soldiers must cross enemy territory and deliver a message that will stop a deadly attack on hundreds of soldiers.",8.2,652716,2019,https://image.tmdb.org/t/p/w500/iZf0KyrE25z1sage4SYFLCCrMi9.jpg
109445,Frozen,Chris Buck,Kristen Bell,Idina Menzel,Josh Gad,Animation Family Adventure Fantasy,"Young princess Anna of Arendelle dreams about finding true love at her sister ElsaÃÂÃÂÃÂÃÂ¢ÃÂÃÂÃÂÃÂÃÂÃÂÃÂÃÂs coronation. Fate takes her on a dangerous journey in an attempt to end the eternal winter that has fallen over the kingdom. She's accompanied by ice delivery man Kristoff, his reindeer Sven, and snowman Olaf. On an adventure where she will find out what friendship, courage, family, and true love really means.",7.4,652399,2013,https://image.tmdb.org/t/p/w500/kgwjIb2JDHRhNk13lmSxiClFjVk.jpg
2503,The Bourne Ultimatum,Paul Greengrass,Matt Damon,Julia Stiles,David Strathairn,Action Drama Mystery Thriller,"Bourne is brought out of hiding once again by reporter Simon Ross who is trying to unveil Operation Blackbriar, an upgrade to Project Treadstone, in a series of newspaper columns. Information from the reporter stirs a new set of memories, and Bourne must finally uncover his dark past while dodging The Company's best efforts to eradicate him.",8.0,651997,2007,https://image.tmdb.org/t/p/w500/15rMz5MRXFp7CP4VxhjYw4y0FUn.jpg
5915,Into the Wild,Sean Penn,Emile Hirsch,Marcia Gay Harden,William Hurt,Adventure Drama,"After graduating from Emory University in 1992, top student and athlete Christopher McCandless abandons his possessions, gives his entire $24,000 savings account to charity, and hitchhikes to Alaska to live in the wilderness.",8.1,647417,2007,https://image.tmdb.org/t/p/w500/2MSGZEE6XZd2r4ODNziwAw7Hpw0.jpg
361743,Top Gun: Maverick,Joseph Kosinski,Tom Cruise,Miles Teller,Jennifer Connelly,Action Drama,"After more than thirty years of service as one of the NavyÃÂÃÂÃÂÃÂ¢ÃÂÃÂÃÂÃÂÃÂÃÂÃÂÃÂs top aviators, and dodging the advancement in rank that would ground him, Pete ÃÂÃÂÃÂÃÂ¢ÃÂÃÂÃÂÃÂÃÂÃÂÃÂÃÂMaverickÃÂÃÂÃÂÃÂ¢ÃÂÃÂÃÂÃÂÃÂÃÂÃÂÃÂ Mitchell finds himself training a detachment of TOP GUN graduates for a specialized mission the likes of which no living pilot has ever seen.",8.3,644798,2022,https://image.tmdb.org/t/p/w500/62HCnUTziyWcpDaBO2i1DX17ljH.jpg
313369,La La Land,Damien Chazelle,Ryan Gosling,Emma Stone,John Legend,Comedy Drama Romance Music,"Mia, an aspiring actress, serves lattes to movie stars in between auditions and Sebastian, a jazz musician, scrapes by playing cocktail party gigs in dingy bars, but as success mounts they are faced with decisions that begin to fray the fragile fabric of their love affair, and the dreams they worked so hard to maintain in each other threaten to rip them apart.",8.0,643669,2016,https://image.tmdb.org/t/p/w500/uDO8zWDhfWwoFdKS4fzkUJt0Rf0.jpg
72105,Ted,Seth MacFarlane,Mark Wahlberg,Mila Kunis,Seth MacFarlane,Comedy Fantasy,"John Bennett, a man whose childhood wish of bringing his teddy bear to life came true, now must decide between keeping the relationship with the bear or his girlfriend, Lori.",6.9,643428,2012,https://image.tmdb.org/t/p/w500/1QVZXQQHCEIj8lyUhdBYd2qOYtq.jpg
273248,The Hateful Eight,Quentin Tarantino,Samuel L. Jackson,Kurt Russell,Jennifer Jason Leigh,Drama Mystery Western,Bounty hunters seek shelter from a raging blizzard and get caught up in a plot of betrayal and deception.,7.8,642959,2015,https://image.tmdb.org/t/p/w500/jIywvdPjia2t3eKYbjVTcwBQlG8.jpg
324857,Spider-Man: Into the Spider-Verse,Bob Persichetti,Shameik Moore,Jake Johnson,Hailee Steinfeld,Action Adventure Animation Sci-Fi,"Struggling to find his place in the world while juggling school and family, Brooklyn teenager Miles Morales is unexpectedly bitten by a radioactive spider and develops unfathomable powers just like the one and only Spider-Man. While wrestling with the implications of his new abilities, Miles discovers a super collider created by the madman Wilson ""Kingpin"" Fisk, causing others from across the Spider-Verse to be inadvertently transported to his dimension.",8.4,640382,2018,https://image.tmdb.org/t/p/w500/iiZZdoQBEYBv6id8su7ImL0oCbD.jpg
246655,X-Men,Bryan Singer,Hugh Jackman, Patrick Stewart, Ian McKellen,Action Adventure Sci-Fi Fantasy,"After the re-emergence of the world's first mutant, world-destroyer Apocalypse, the X-Men must unite to defeat his extinction level plan.",7.3,637454,2000,https://image.tmdb.org/t/p/w500/2mtQwJKVKQrZgTz49Dizb25eOQQ.jpg
335984,Blade Runner 2049,Denis Villeneuve,Harrison Ford,Ryan Gosling,Ana de Armas,Sci-Fi Drama,"Thirty years after the events of the first film, a new blade runner, LAPD Officer K, unearths a long-buried secret that has the potential to plunge what's left of society into chaos. K's discovery leads him on a quest to find Rick Deckard, a former LAPD blade runner who has been missing for 30 years.",8.0,635226,2017,https://image.tmdb.org/t/p/w500/gajva2L0rPYkEWjzgFlBXCAVBE5.jpg
68734,Argo,Ben Affleck,Ben Affleck,John Goodman,Alan Arkin,Drama Thriller,"As the Iranian revolution reaches a boiling point, a CIA 'exfiltration' specialist concocts a risky plan to free six Americans who have found shelter at the home of the Canadian ambassador.",7.7,632623,2012,https://image.tmdb.org/t/p/w500/m5gPWFZFIp4UJFABgWyLkbXv8GX.jpg
70981,Prometheus,Ridley Scott,Noomi Rapace,Michael Fassbender,Charlize Theron,Sci-Fi Adventure Mystery,"A team of explorers discover a clue to the origins of mankind on Earth, leading them on a journey to the darkest corners of the universe. There, they must fight a terrifying battle to save the future of the human race.",7.0,631984,2012,https://image.tmdb.org/t/p/w500/m7nZCtHJyDLncBUarfM5h5mrppx.jpg
383498,Deadpool 2,David Leitch,Ryan Reynolds,Josh Brolin,Zazie Beetz,Action Comedy Adventure,Wisecracking mercenary Deadpool battles the evil and powerful Cable and other bad guys to save a boy's life.,7.6,626048,2018,https://image.tmdb.org/t/p/w500/to0spRl1CMDvyUbOnbb4fTk3VAd.jpg
8358,Cast Away,Robert Zemeckis,Tom Hanks, Helen Hunt,Paul Sanchez,Adventure Drama,"Chuck Nolan, a top international manager for FedEx, and Kelly, a Ph.D. student, are in love and heading towards marriage. Then Chuck's plane to Malaysia crashes at sea during a terrible storm. He's the only survivor, and finds himself marooned on a desolate island. With no way to escape, Chuck must find ways to survive in his new home.",7.8,625698,2000,https://image.tmdb.org/t/p/w500/7lLJgKnAicAcR5UEuo8xhSMj18w.jpg
559,Spider-Man 3,Sam Raimi,Tobey Maguire,Kirsten Dunst,James Franco,Fantasy Action Adventure,"The seemingly invincible Spider-Man goes up against an all-new crop of villainsÃÂÃÂÃÂÃÂ¢ÃÂÃÂÃÂÃÂÃÂÃÂÃÂÃÂincluding the shape-shifting Sandman. While Spider-ManÃÂÃÂÃÂÃÂ¢ÃÂÃÂÃÂÃÂÃÂÃÂÃÂÃÂs superpowers are altered by an alien organism, his alter ego, Peter Parker, deals with nemesis Eddie Brock and also gets caught up in a love triangle.",6.3,625123,2007,https://image.tmdb.org/t/p/w500/qFmwhVUoUSXjkKRmca5yGDEXBIj.jpg
7345,There Will Be Blood,Paul Thomas Anderson,Daniel Day-Lewis,Paul Dano,Kevin J. O'Connor,Drama,"Ruthless silver miner, turned oil prospector, Daniel Plainview, moves to oil-rich California. Using his son to project a trustworthy, family-man image, Plainview cons local landowners into selling him their valuable properties for a pittance. However, local preacher Eli Sunday suspects Plainview's motives and intentions, starting a slow-burning feud that threatens both their lives.",8.2,624979,2007,https://image.tmdb.org/t/p/w500/fa0RDkAlCec0STeMNAhPaF89q6U.jpg
604,The Matrix Reloaded,Andy Wachowski,Keanu Reeves, Laurence Fishburne, Carrie-Anne Moss,Adventure Action Thriller Sci-Fi,"Six months after the events depicted in The Matrix, Neo has proved to be a good omen for the free humans, as more and more humans are being freed from the matrix and brought to Zion, the one and only stronghold of the Resistance.  Neo himself has discovered his superpowers including super speed, ability to see the codes of the things inside the matrix and a certain degree of pre-cognition. But a nasty piece of news hits the human resistance: 250,000 machine sentinels are digging to Zion and would reach them in 72 hours. As Zion prepares for the ultimate war, Neo, Morpheus and Trinity are advised by the Oracle to find the Keymaker who would help them reach the Source.  Meanwhile Neo's recurrent dreams depicting Trinity's death have got him worried and as if it was not enough, Agent Smith has somehow escaped deletion, has become more powerful than before and has fixed Neo as his next target.",7.2,620498,2003,https://image.tmdb.org/t/p/w500/9TGHDvWrqKBzwDxDodHYXEmOE6J.jpg
8363,Superbad,Greg Mottola,Jonah Hill,Michael Cera,Christopher Mintz-Plasse,Comedy,Two co-dependent high school seniors are forced to deal with separation anxiety after their plan to stage a booze-soaked party goes awry.,7.6,618425,2007,https://image.tmdb.org/t/p/w500/ek8e8txUyUwd2BNqj6lFEerJfbq.jpg
675,Harry Potter and the Order of the Phoenix,David Yates,Daniel Radcliffe,Rupert Grint,Emma Watson,Adventure Fantasy,"Returning for his fifth year of study at Hogwarts, Harry is stunned to find that his warnings about the return of Lord Voldemort have been ignored. Left with no choice, Harry takes matters into his own hands, training a small group of students to defend themselves against the dark arts.",7.5,616534,2007,https://image.tmdb.org/t/p/w500/5aOyriWkPec0zUDxmHFP9qMmBaj.jpg
13475,Star Trek,J. J. Abrams,Chris Pine,Zachary Quinto,Karl Urban,Sci-Fi Action Adventure,"The fate of the galaxy rests in the hands of bitter rivals. One, James Kirk, is a delinquent, thrill-seeking Iowa farm boy. The other, Spock, a Vulcan, was raised in a logic-based society that rejects all emotion. As fiery instinct clashes with calm reason, their unlikely but powerful partnership is the only thing capable of leading their crew through unimaginable danger, boldly going where no one has gone before. The human adventure has begun again.",7.9,615866,2009,https://image.tmdb.org/t/p/w500/lV5OpzAss1z06YNagOVap1I35mH.jpg
19908,Zombieland,Ruben Fleischer,Woody Harrelson,Jesse Eisenberg,Emma Stone,Comedy Horror,"Columbus has made a habit of running from what scares him. Tallahassee doesn't have fears. If he did, he'd kick their ever-living ass. In a world overrun by zombies, these two are perfectly evolved survivors. But now, they're about to stare down the most terrifying prospect of all: each other.",7.6,609228,2009,https://image.tmdb.org/t/p/w500/dUkAmAyPVqubSBNRjRqCgHggZcK.jpg
161,Ocean's Eleven,Steven Soderbergh,George Clooney, Matt Damon, Brad Pitt,Thriller Crime,"Less than 24 hours into his parole, charismatic thief Danny Ocean is already rolling out his next plan: In one night, Danny's hand-picked crew of specialists will attempt to steal more than $150 million from three Las Vegas casinos. But to score the cash, Danny risks his chances of reconciling with ex-wife, Tess.",7.7,604822,2001,https://image.tmdb.org/t/p/w500/hQQCdZrsHtZyR6NbKH2YyCqd2fR.jpg
11036,The Notebook,Nick Cassavetes,Ryan Gosling,Rachel McAdams,James Garner,Romance Drama,"An epic love story centered around an older man who reads aloud to a woman with Alzheimer's. From a faded notebook, the old man's words bring to life the story about a couple who is separated by World War II, and is then passionately reunited, seven years later, after they have taken different paths.",7.8,604605,2004,https://image.tmdb.org/t/p/w500/rNzQyW4f8B8cQeg7Dgj3n6eT5k9.jpg
51876,Limitless,Neil Burger,Bradley Cooper,Robert De Niro,Abbie Cornish,Thriller Mystery Sci-Fi,"A paranoia-fueled action thriller about an unsuccessful writer whose life is transformed by a top-secret ""smart drug"" that allows him to use 100% of his brain and become a perfect version of himself. His enhanced abilities soon attract shadowy forces that threaten his new life in this darkly comic and provocative film.",7.4,602069,2011,https://image.tmdb.org/t/p/w500/hv5JMCrMVLvV6HKPf9FcBuyk2MG.jpg
299537,Captain Marvel,Anna Boden,Brie Larson,Samuel L. Jackson,Ben Mendelsohn,Action Adventure Sci-Fi,"The story follows Carol Danvers as she becomes one of the universeÃÂÃÂÃÂÃÂ¢ÃÂÃÂÃÂÃÂÃÂÃÂÃÂÃÂs most powerful heroes when Earth is caught in the middle of a galactic war between two alien races. Set in the 1990s, Captain Marvel is an all-new adventure from a previously unseen period in the history of the Marvel Cinematic Universe.",6.8,598792,2019,https://image.tmdb.org/t/p/w500/AtsgWhDnHTq68L0lLsUrCnM7TjG.jpg
59967,Looper,Rian Johnson,Joseph Gordon-Levitt,Bruce Willis,Emily Blunt,Action Thriller Sci-Fi,"In the futuristic action thriller Looper, time travel will be invented but it will be illegal and only available on the black market. When the mob wants to get rid of someone, they will send their target 30 years into the past where a looper, a hired gun, like Joe is waiting to mop up. Joe is getting rich and life is good until the day the mob decides to close the loop, sending back Joe's future self for assassination.",7.4,595801,2012,https://image.tmdb.org/t/p/w500/sNjL6SqErDBE8OUZlrDLkexfsCj.jpg
346364,It,Andy Muschietti,Jaeden Lieberher,Bill Skarsgård,Sophia Lillis,Horror Fantasy,"In a small town in Maine, seven children known as The Losers Club come face to face with life problems, bullies and a monster that takes the shape of a clown called Pennywise.",7.3,591756,2017,https://image.tmdb.org/t/p/w500/9E2y5Q7WlCVNEhP5GiVTjhEhx1o.jpg
242582,Nightcrawler,Dan Gilroy,Jake Gyllenhaal,Rene Russo,Riz Ahmed,Crime Drama Thriller,"When Lou Bloom, desperate for work, muscles into the world of L.A. crime journalism, he blurs the line between observer and participant to become the star of his own story. Aiding him in his effort is Nina, a TV-news veteran.",7.8,590046,2014,https://image.tmdb.org/t/p/w500/j9HrX8f7GbZQm1BrBiR40uFQZSb.jpg
339403,Baby Driver,Edgar Wright,Ansel Elgort,Kevin Spacey,Lily James,Action Crime,"After being coerced into working for a crime boss, a young getaway driver finds himself taking part in a heist doomed to fail.",7.6,589920,2017,https://image.tmdb.org/t/p/w500/rmnQ9jKW72bHu8uKlMjPIb2VLMI.jpg
64688,21 Jump Street,Chris Miller,Jonah Hill,Channing Tatum,Ice Cube,Action Comedy Crime,"In high school, Schmidt was a dork and Jenko was the popular jock. After graduation, both of them joined the police force and ended up as partners riding bicycles in the city park. Since they are young and look like high school students, they are assigned to an undercover unit to infiltrate a drug ring that is supplying high school students synthetic drugs.",7.2,587610,2012,https://image.tmdb.org/t/p/w500/8v3Sqv9UcIUC4ebmpKWROqPBINZ.jpg
23483,Kick-Ass,Matthew Vaughn,Aaron Johnson,Christopher Mintz-Plasse,Chloë Grace Moretz,Action Crime,"Dave Lizewski is an unnoticed high school student and comic book fan who one day decides to become a super-hero, even though he has no powers, training or meaningful reason to do so.",7.6,585148,2010,https://image.tmdb.org/t/p/w500/8citjdBmjddZjlPsAHEyCKwGVvD.jpg
12444,Harry Potter and the Deathly Hallows - Part 1,David Yates,Daniel Radcliffe,Rupert Grint,Emma Watson,Adventure Fantasy,"Harry, Ron and Hermione walk away from their last year at Hogwarts to find and destroy the remaining Horcruxes, putting an end to Voldemort's bid for immortality. But with Harry's beloved Dumbledore dead and Voldemort's unscrupulous Death Eaters on the loose, the world is more dangerous than ever.",7.7,584637,2010,https://image.tmdb.org/t/p/w500/iGoXIpQb7Pot00EEdwpwPajheZ5.jpg
747,Shaun of the Dead,Edgar Wright,Simon Pegg,Kate Ashfield,Lucy Davis,Horror Comedy,"Shaun lives a supremely uneventful life, which revolves around his girlfriend, his mother, and, above all, his local pub. This gentle routine is threatened when the dead return to life and make strenuous attempts to snack on ordinary Londoners.",7.9,584349,2004,https://image.tmdb.org/t/p/w500/dgXPhzNJH8HFTBjXPB177yNx6RI.jpg
64682,The Great Gatsby,Baz Luhrmann,Leonardo DiCaprio,Tobey Maguire,Joel Edgerton,Drama Romance,"An adaptation of F. Scott Fitzgerald's Long Island-set novel, where Midwesterner Nick Carraway is lured into the lavish world of his neighbor, Jay Gatsby. Soon enough, however, Carraway will see through the cracks of Gatsby's nouveau riche existence, where obsession, madness, and tragedy await.",7.2,582596,2013,https://image.tmdb.org/t/p/w500/tyxfCBQv6Ap74jcu3xd7aBiaa29.jpg
1949,Zodiac,David Fincher,Jake Gyllenhaal,Mark Ruffalo,Robert Downey Jr.,Crime Drama Mystery Thriller,A cartoonist teams up with an ace reporter and a law enforcement officer to track down an elusive serial killer.,7.7,579770,2007,https://image.tmdb.org/t/p/w500/6YmeO4pB7XTh8P8F960O1uA14JO.jpg
767,Harry Potter and the Half-Blood Prince,David Yates,Daniel Radcliffe,Rupert Grint,Emma Watson,Adventure Fantasy,"As Lord Voldemort tightens his grip on both the Muggle and wizarding worlds, Hogwarts is no longer a safe haven. Harry suspects perils may even lie within the castle, but Dumbledore is more intent upon preparing him for the final battle fast approaching. Together they work to find the key to unlock Voldemorts defenses and to this end, Dumbledore recruits his old friend and colleague Horace Slughorn, whom he believes holds crucial information. Even as the decisive showdown looms, romance blossoms for Harry, Ron, Hermione and their classmates. Love is in the air, but danger lies ahead and Hogwarts may never be the same again.",7.6,579239,2009,https://image.tmdb.org/t/p/w500/z7uo9zmQdQwU5ZJHFpv2Upl30i1.jpg
646380,Don't Look Up,Adam McKay,Leonardo DiCaprio,Jennifer Lawrence,Rob Morgan,Comedy Sci-Fi Drama,Two American astronomers attempt to warn humankind about an approaching comet that will wipe out life on planet Earth.,7.2,579140,2021,https://image.tmdb.org/t/p/w500/th4E1yqsE8DGpAseLiUrI60Hf8V.jpg
1372,Blood Diamond,Edward Zwick,Leonardo DiCaprio,Jennifer Connelly,Djimon Hounsou,Drama Thriller Action,"An ex-mercenary turned smuggler. A Mende fisherman. Amid the explosive civil war overtaking 1999 Sierra Leone, these men join for two desperate missions: recovering a rare pink diamond of immense value and rescuing the fisherman's son, conscripted as a child soldier into the brutal rebel forces ripping a swath of torture and bloodshed countrywide.",8.0,576480,2006,https://image.tmdb.org/t/p/w500/tnLxPpajkbVdbQl5B9CuD7sSpz9.jpg
180,Minority Report,Steven Spielberg,Tom Cruise, Colin Farrell, Samantha Morton,Action Thriller Sci-Fi Mystery,"John Anderton is a top 'Precrime' cop in the late-21st century, when technology can predict crimes before they're committed. But Anderton becomes the quarry when another investigator targets him for a murder charge.",7.6,575737,2002,https://image.tmdb.org/t/p/w500/ccqpHq5tk5W4ymbSbuoy4uYOxFI.jpg
424694,Bohemian Rhapsody,Bryan Singer,Rami Malek,Lucy Boynton,Gwilym Lee,Music Drama History,"Singer Freddie Mercury, guitarist Brian May, drummer Roger Taylor and bass guitarist John Deacon take the music world by storm when they form the rock 'n' roll band Queen in 1970. Hit songs become instant classics. When Mercury's increasingly wild lifestyle starts to spiral out of control, Queen soon faces its greatest challenge yet ÃÂÃÂÃÂÃÂ¢ÃÂÃÂÃÂÃÂÃÂÃÂÃÂÃÂ finding a way to keep the band together amid the success and excess.",7.9,574627,2018,https://image.tmdb.org/t/p/w500/lHu1wtNaczFPGFDTrjCSzeLPTKN.jpg
324786,Hacksaw Ridge,Mel Gibson,Andrew Garfield,Sam Worthington,Luke Bracey,Drama History War,"WWII American Army Medic Desmond T. Doss, who served during the Battle of Okinawa, refuses to kill people and becomes the first Conscientious Objector in American history to receive the Congressional Medal of Honor.",8.1,574007,2016,https://image.tmdb.org/t/p/w500/jcStBvbQt78tPeId5hC7a9jcDOK.jpg
13183,Watchmen,Zack Snyder,Malin Akerman,Billy Crudup,Matthew Goode,Action Mystery Sci-Fi,"In a gritty and alternate 1985 the glory days of costumed vigilantes have been brought to a close by a government crackdown, but after one of the masked veterans is brutally murdered, an investigation into the killer is initiated. The reunited heroes set out to prevent their own destruction, but in doing so uncover a sinister plot that puts all of humanity in grave danger.",7.6,573344,2009,https://image.tmdb.org/t/p/w500/aZvOkdo203bm1kpcY0A0Tn074ER.jpg
20352,Despicable Me,Chris Renaud,Steve Carell,Jason Segel,Russell Brand,Family Animation Comedy,"Villainous Gru lives up to his reputation as a despicable, deplorable and downright unlikable guy when he hatches a plan to steal the moon from the sky. But he has a tough time staying on task after three orphans land in his care.",7.6,572942,2010,https://image.tmdb.org/t/p/w500/9lOloREsAhBu0pEtU0BgeR1rHyo.jpg
577922,Tenet,Christopher Nolan,John David Washington,Robert Pattinson,Elizabeth Debicki,Action Thriller Sci-Fi,"Armed with only one word - Tenet - and fighting for the survival of the entire world, the Protagonist journeys through a twilight world of international espionage on a mission that will unfold in something beyond real time.",7.3,570129,2020,https://image.tmdb.org/t/p/w500/aCIFMriQh8rvhxpN1IWGgvH0Tlg.jpg
36658,X2: X-Men United,Bryan Singer,Hugh Jackman, Patrick Stewart, Ian McKellen,Adventure Action Sci-Fi,"Professor Charles Xavier and his team of genetically gifted superheroes face a rising tide of anti-mutant sentiment led by Col. William Stryker. Storm, Wolverine and Jean Grey must join their usual nemesesÃÂÃÂÃÂÃÂ¢ÃÂÃÂÃÂÃÂÃÂÃÂÃÂÃÂMagneto and MystiqueÃÂÃÂÃÂÃÂ¢ÃÂÃÂÃÂÃÂÃÂÃÂÃÂÃÂto unhinge Stryker's scheme to exterminate all mutants.",7.4,569183,2003,https://image.tmdb.org/t/p/w500/pwQo1ehiPBqAbiVqD6rfNM8GCFE.jpg
447332,A Quiet Place,John Krasinski,John Krasinski,Emily Blunt,Millicent Simmonds,Horror Drama Sci-Fi,A family is forced to live in silence while hiding from creatures that hunt by sound.,7.5,568363,2018,https://image.tmdb.org/t/p/w500/nAU74GmpUk7t5iklEp3bufwDq4n.jpg
2501,The Bourne Identity,Doug Liman,Matt Damon,Franka Potente, Chris Cooper,Action Drama Mystery Thriller,"Wounded to the brink of death and suffering from amnesia, Jason Bourne is rescued at sea by a fisherman. With nothing to go on but a Swiss bank account number, he starts to reconstruct his life, but finds that many people he encounters want him dead. However, Bourne realizes that he has the combat and mental skills of a world-class spyÃÂÃÂÃÂÃÂ¢ÃÂÃÂÃÂÃÂÃÂÃÂÃÂÃÂbut who does he work for?",7.8,567850,2002,https://image.tmdb.org/t/p/w500/aP8swke3gmowbkfZ6lmNidu0y9p.jpg
354912,Coco,Lee Unkrich,Anthony Gonzalez,Gael García Bernal,Benjamin Bratt,Family Animation Fantasy Music Comedy Adventure,"Despite his familyÃÂÃÂÃÂÃÂ¢ÃÂÃÂÃÂÃÂÃÂÃÂÃÂÃÂs baffling generations-old ban on music, Miguel dreams of becoming an accomplished musician like his idol, Ernesto de la Cruz. Desperate to prove his talent, Miguel finds himself in the stunning and colorful Land of the Dead following a mysterious chain of events. Along the way, he meets charming trickster Hector, and together, they set off on an extraordinary journey to unlock the real story behind Miguel's family history.",8.4,566978,2017,https://image.tmdb.org/t/p/w500/gGEsBPAijhVUFoiNpgZXqRVWJt2.jpg
2048,"I, Robot",Alex Proyas,Will Smith,Bridget Moynahan,Bruce Greenwood,Action Sci-Fi,"In 2035, where robots are commonplace and abide by the three laws of robotics, a technophobic cop investigates an apparent suicide. Suspecting that a robot may be responsible for the death, his investigation leads him to believe that humanity may be in danger.",7.1,565094,2004,https://image.tmdb.org/t/p/w500/dlb6JKYv25rJSk2n2hwhOeJ7Dk.jpg
652,Troy,Wolfgang Petersen,Brad Pitt,Eric Bana,Orlando Bloom,Adventure History War Action,"In year 1250 B.C. during the late Bronze age, two emerging nations begin to clash. Paris, the Trojan prince, convinces Helen, Queen of Sparta, to leave her husband Menelaus, and sail with him back to Troy. After Menelaus finds out that his wife was taken by the Trojans, he asks his brother Agamemnon to help him get her back. Agamemnon sees this as an opportunity for power. They set off with 1,000 ships holding 50,000 Greeks to Troy.",7.3,560439,2004,https://image.tmdb.org/t/p/w500/a07wLy4ONfpsjnBqMwhlWTJTcm.jpg
122917,The Hobbit: The Battle of the Five Armies,Peter Jackson,Martin Freeman,Ian McKellen,Richard Armitage,Action Adventure Fantasy,"Immediately after the events of The Desolation of Smaug, Bilbo and the dwarves try to defend Erebor's mountain of treasure from others who claim it: the men of the ruined Laketown and the elves of Mirkwood. Meanwhile an army of Orcs led by Azog the Defiler is marching on Erebor, fueled by the rise of the dark lord Sauron. Dwarves, elves and men must unite, and the hope for Middle-Earth falls into Bilbo's hands.",7.4,560156,2014,https://image.tmdb.org/t/p/w500/xT98tLqatZPQApyRmlPL12LtiWp.jpg
1865,Pirates of the Caribbean: On Stranger Tides,Rob Marshall,Johnny Depp,Geoffrey Rush,Ian McShane,Adventure Action Fantasy,"Captain Jack Sparrow crosses paths with a woman from his past, and he's not sure if it's love -- or if she's a ruthless con artist who's using him to find the fabled Fountain of Youth. When she forces him aboard the Queen Anne's Revenge, the ship of the formidable pirate Blackbeard, Jack finds himself on an unexpected adventure in which he doesn't know who to fear more: Blackbeard or the woman from his past.",6.6,553916,2011,https://image.tmdb.org/t/p/w500/keGfSvCmYj7CvdRx36OdVrAEibE.jpg
50646,"Crazy, Stupid, Love",John Requa,Steve Carell,Julianne Moore,Ryan Gosling,Comedy Drama Romance,"Cal Weaver is living the American dream. He has a good job, a beautiful house, great children and a beautiful wife, named Emily. Cal's seemingly perfect life unravels, however, when he learns that Emily has been unfaithful and wants a divorce. Over 40 and suddenly single, Cal is adrift in the fickle world of dating. Enter, Jacob Palmer, a self-styled player who takes Cal under his wing and teaches him how to be a hit with the ladies.",7.4,550952,2011,https://image.tmdb.org/t/p/w500/p4RafgAPk558muOjnBMHhMArjS2.jpg
61791,Rise of the Planet of the Apes,Rupert Wyatt,James Franco,Freida Pinto,John Lithgow,Thriller Action Drama Sci-Fi,"A highly intelligent chimpanzee named Caesar has been living a peaceful suburban life ever since he was born. But when he gets taken to a cruel primate facility, Caesar decides to revolt against those who have harmed him.",7.6,549612,2011,https://image.tmdb.org/t/p/w500/cjLsuP75UDlRdJVMXzXg3TJ4umX.jpg
1402,The Pursuit of Happyness,Gabriele Muccino,Will Smith,Jaden Smith,Thandie Newton,Drama,A struggling salesman takes custody of his son as he's poised to begin a life-changing professional career.,8.0,548167,2006,https://image.tmdb.org/t/p/w500/f6l9rghSHORkWLurUGJhaKAiyjY.jpg
75612,Oblivion,Joseph Kosinski,Tom Cruise,Olga Kurylenko,Andrea Riseborough,Action Sci-Fi Adventure Mystery,"Jack Harper is one of the last few drone repairmen stationed on Earth. Part of a massive operation to extract vital resources after decades of war with a terrifying threat known as the Scavs, JackÃÂÃÂÃÂÃÂ¢ÃÂÃÂÃÂÃÂÃÂÃÂÃÂÃÂs mission is nearly complete. His existence is brought crashing down when he rescues a beautiful  stranger from a downed spacecraft. Her arrival triggers a chain of events that  forces him to question everything he knows and puts the fate of humanity in his hands.",7.0,545012,2013,https://image.tmdb.org/t/p/w500/eO3r38fwnhb58M1YgcjQBd3VNcp.jpg
490132,Green Book,Peter Farrelly,Viggo Mortensen,Mahershala Ali,Linda Cardellini,Drama Comedy,"Tony Lip, a bouncer in 1962, is hired to drive pianist Don Shirley on a tour through the Deep South in the days when African Americans, forced to find alternate accommodations and services due to segregation laws below the Mason-Dixon Line, relied on a guide called The Negro Motorist Green Book.",8.2,544758,2018,https://image.tmdb.org/t/p/w500/7BsvSuDQuoqhWmU2fL7W2GOcZHU.jpg
138843,The Conjuring,James Wan,Patrick Wilson,Vera Farmiga,Ron Livingston,Horror Thriller,"Paranormal investigators Ed and Lorraine Warren work to help a family terrorized by a dark presence in their farmhouse. Forced to confront a powerful entity, the Warrens find themselves caught in the most terrifying case of their lives.",7.5,544263,2013,https://image.tmdb.org/t/p/w500/wVYREutTvI2tmxr6ujrHT704wGF.jpg
45612,Source Code,Duncan Jones,Jake Gyllenhaal,Michelle Monaghan,Vera Farmiga,Thriller Sci-Fi Mystery,"When decorated soldier Captain Colter Stevens wakes up in the body of an unknown man, he discovers he's part of a mission to find the bomber of a Chicago commuter train.",7.5,541768,2011,https://image.tmdb.org/t/p/w500/faCR2lavXBKeCS6N7STIMDLMCDL.jpg
7326,Juno,Jason Reitman,Elliot Page,Michael Cera,Jennifer Garner,Comedy Drama Romance,"Faced with an unplanned pregnancy, sixteen year old high-schooler, Juno MacGuff, makes an unusual decision regarding her unborn child.",7.5,541693,2007,https://image.tmdb.org/t/p/w500/jNIn2tVhpvFD6P9IojldI3mNYcn.jpg
359940,"Three Billboards Outside Ebbing, Missouri",Martin McDonagh,Frances McDormand,Woody Harrelson,Sam Rockwell,Crime Drama,"After seven months have passed without a culprit in her daughter's murder case, Mildred Hayes makes a bold move, painting three signs leading into her town with a controversial message directed at Bill Willoughby, the town's revered chief of police. When his second-in-command Officer Jason Dixon, an immature mother's boy with a penchant for violence, gets involved, the battle between Mildred and Ebbing's law enforcement is only exacerbated.",8.1,540597,2017,https://image.tmdb.org/t/p/w500/pZRhqJj0DBy4ghB7g6pU7MGHsWJ.jpg
429617,Spider-Man: Far From Home,Jon Watts,Tom Holland,Samuel L. Jackson,Zendaya,Action Adventure Sci-Fi,"Peter Parker and his friends go on a summer trip to Europe. However, they will hardly be able to rest - Peter will have to agree to help Nick Fury uncover the mystery of creatures that cause natural disasters and destruction throughout the continent.",7.4,539045,2019,https://image.tmdb.org/t/p/w500/4q2NNj4S5dG2RLF9CpXsej7yXl.jpg
84892,The Perks of Being a Wallflower,Stephen Chbosky,Emma Watson,Logan Lerman,Mae Whitman,Drama,"Pittsburgh, Pennsylvania, 1991. High school freshman Charlie is a wallflower, always watching life from the sidelines, until two senior students, Sam and her stepbrother Patrick, become his mentors, helping him discover the joys of friendship, music and love.",7.9,538960,2012,https://image.tmdb.org/t/p/w500/aKCvdFFF5n80P2VdS7d8YBwbCjh.jpg
381288,Split,M. Night Shyamalan,James McAvoy,Anya Taylor-Joy,Betty Buckley,Horror Thriller,"Though Kevin has evidenced 23 personalities to his trusted psychiatrist, Dr. Fletcher, there remains one still submerged who is set to materialize and dominate all the others. Compelled to abduct three teenage girls led by the willful, observant Casey, Kevin reaches a war for survival among all of those contained within him ÃÂÃÂÃÂÃÂ¢ÃÂÃÂÃÂÃÂÃÂÃÂÃÂÃÂ as well as everyone around him ÃÂÃÂÃÂÃÂ¢ÃÂÃÂÃÂÃÂÃÂÃÂÃÂÃÂ as the walls between his compartments shatter apart.",7.3,536702,2017,https://image.tmdb.org/t/p/w500/lli31lYTFpvxVBeFHWoe5PMfW5s.jpg
605,The Matrix Revolutions,Andy Wachowski,Keanu Reeves, Laurence Fishburne, Carrie-Anne Moss,Adventure Action Thriller Sci-Fi,The human city of Zion defends itself against the massive invasion of the machines as Neo fights to end the war at another front while also opposing the rogue Agent Smith.,6.7,534587,2003,https://image.tmdb.org/t/p/w500/qEWiBXJGXK28jGBAm8oFKKTB0WD.jpg
36668,X-Men: The Last Stand,Brett Ratner,Hugh Jackman,Halle Berry,Ian McKellen,Adventure Action Sci-Fi Thriller,"When a cure is found to treat mutations, lines are drawn amongst the X-MenÃÂÃÂÃÂÃÂ¢ÃÂÃÂÃÂÃÂÃÂÃÂÃÂÃÂled by Professor Charles XavierÃÂÃÂÃÂÃÂ¢ÃÂÃÂÃÂÃÂÃÂÃÂÃÂÃÂand the Brotherhood, a band of powerful mutants organised under Xavier's former ally, Magneto.",6.6,534479,2006,https://image.tmdb.org/t/p/w500/sNSvwqiNXjEvDSeQFsJAGPEP7Gl.jpg
269149,Zootopia,Rich Moore,Ginnifer Goodwin,Jason Bateman,Idris Elba,Animation Adventure Family Comedy,"Determined to prove herself, Officer Judy Hopps, the first bunny on Zootopia's police force, jumps at the chance to crack her first case - even if it means partnering with scam-artist fox Nick Wilde to solve the mystery.",8.0,532833,2016,https://image.tmdb.org/t/p/w500/hlK0e0wAQ3VLuJcsfIYPvb4JVud.jpg
228150,Fury,David Ayer,Brad Pitt,Shia LaBeouf,Logan Lerman,War Drama Action,"In the last months of World War II, as the Allies make their final push in the European theatre, a battle-hardened U.S. Army sergeant named 'Wardaddy' commands a Sherman tank called 'Fury' and its five-man crew on a deadly mission behind enemy lines. Outnumbered and outgunned, Wardaddy and his men face overwhelming odds in their heroic attempts to strike at the heart of Nazi Germany.",7.6,530786,2014,https://image.tmdb.org/t/p/w500/pfte7wdMobMF4CVHuOxyu6oqeeA.jpg
102382,The Amazing Spider-Man 2,Marc Webb,Andrew Garfield,Emma Stone,Jamie Foxx,Action Adventure Fantasy,"For Peter Parker, life is busy. Between taking out the bad guys as Spider-Man and spending time with the person he loves, Gwen Stacy, high school graduation cannot come quickly enough. Peter has not forgotten about the promise he made to GwenÃÂÃÂÃÂÃÂ¢ÃÂÃÂÃÂÃÂÃÂÃÂÃÂÃÂs father to protect her by staying away, but that is a promise he cannot keep. Things will change for Peter when a new villain, Electro, emerges, an old friend, Harry Osborn, returns, and Peter uncovers new clues about his past.",6.6,527708,2014,https://image.tmdb.org/t/p/w500/dGjoPttcbKR5VWg1jQuNFB247KL.jpg
4638,Hot Fuzz,Edgar Wright,Simon Pegg,Nick Frost,Jim Broadbent,Crime Action Comedy,"As a former London constable, Nicholas Angel finds it difficult to adapt to his new assignment in the sleepy British village of Sandford. Not only does he miss the excitement of the big city, but he also has a well-meaning oaf for a partner. However, when a series of grisly accidents rocks Sandford, Angel smells something rotten in the idyllic village.",7.8,527646,2007,https://image.tmdb.org/t/p/w500/zPib4ukTSdXvHP9pxGkFCe34f3y.jpg
1059638,Mr. & Mrs. Smith,Doug Liman,Brad Pitt,Angelina Jolie,Vince Vaughn,Adventure Drama Family,"A well-known art historian, treasure hunter and owner of an unusual car stumbles upon a Templar treasure, which is the key to a great power that can upset the balance of good and evil in the world. Supported by friendly scouts, Mr. Car starts a big race against time and a hostile organization, the stake of which is the heritage of knightly orders.",6.5,525514,2005,https://image.tmdb.org/t/p/w500/xEAXVe0BzW4K9Ky6eTo4CJwzJ8P.jpg
45243,The Hangover Part II,Todd Phillips,Bradley Cooper,Ed Helms,Zach Galifianakis,Comedy,"The Hangover crew heads to Thailand for Stu's wedding. After the disaster of a bachelor party in Las Vegas last year, Stu is playing it safe with a mellow pre-wedding brunch. However, nothing goes as planned and Bangkok is the perfect setting for another adventure with the rowdy group.",6.5,525410,2011,https://image.tmdb.org/t/p/w500/jrP9zmdSUpOzzUXpEqPqg3dryUr.jpg
